簇id,模组id,电芯id,测点类型,地址,16进制地址,测点值,乘法系数
0,0,0,电压,32001,0x7d01,321,0.1
0,0,1,电压,32002,0x7d02,320,0.1
0,0,2,电压,32003,0x7d03,587,0.1
0,0,3,电压,32004,0x7d04,437,0.1
0,0,4,电压,32005,0x7d05,317,0.1
0,0,5,电压,32006,0x7d06,514,0.1
0,0,6,电压,32007,0x7d07,545,0.1
0,0,7,电压,32008,0x7d08,341,0.1
0,0,8,电压,32009,0x7d09,336,0.1
0,0,9,电压,32010,0x7d0a,487,0.1
0,0,10,电压,32011,0x7d0b,557,0.1
0,0,11,电压,32012,0x7d0c,338,0.1
0,0,12,电压,32013,0x7d0d,391,0.1
0,0,13,电压,32014,0x7d0e,488,0.1
0,0,14,电压,32015,0x7d0f,589,0.1
0,0,15,电压,32016,0x7d10,592,0.1
0,0,16,电压,32017,0x7d11,417,0.1
0,0,17,电压,32018,0x7d12,351,0.1
0,0,18,电压,32019,0x7d13,350,0.1
0,0,19,电压,32020,0x7d14,455,0.1
0,0,20,电压,32021,0x7d15,303,0.1
0,0,21,电压,32022,0x7d16,555,0.1
0,0,22,电压,32023,0x7d17,338,0.1
0,0,23,电压,32024,0x7d18,421,0.1
0,1,0,电压,32025,0x7d19,400,0.1
0,1,1,电压,32026,0x7d1a,422,0.1
0,1,2,电压,32027,0x7d1b,560,0.1
0,1,3,电压,32028,0x7d1c,377,0.1
0,1,4,电压,32029,0x7d1d,350,0.1
0,1,5,电压,32030,0x7d1e,401,0.1
0,1,6,电压,32031,0x7d1f,469,0.1
0,1,7,电压,32032,0x7d20,413,0.1
0,1,8,电压,32033,0x7d21,353,0.1
0,1,9,电压,32034,0x7d22,308,0.1
0,1,10,电压,32035,0x7d23,371,0.1
0,1,11,电压,32036,0x7d24,394,0.1
0,1,12,电压,32037,0x7d25,590,0.1
0,1,13,电压,32038,0x7d26,300,0.1
0,1,14,电压,32039,0x7d27,598,0.1
0,1,15,电压,32040,0x7d28,363,0.1
0,1,16,电压,32041,0x7d29,410,0.1
0,1,17,电压,32042,0x7d2a,457,0.1
0,1,18,电压,32043,0x7d2b,569,0.1
0,1,19,电压,32044,0x7d2c,488,0.1
0,1,20,电压,32045,0x7d2d,518,0.1
0,1,21,电压,32046,0x7d2e,380,0.1
0,1,22,电压,32047,0x7d2f,472,0.1
0,1,23,电压,32048,0x7d30,435,0.1
0,2,0,电压,32049,0x7d31,329,0.1
0,2,1,电压,32050,0x7d32,495,0.1
0,2,2,电压,32051,0x7d33,303,0.1
0,2,3,电压,32052,0x7d34,321,0.1
0,2,4,电压,32053,0x7d35,565,0.1
0,2,5,电压,32054,0x7d36,531,0.1
0,2,6,电压,32055,0x7d37,316,0.1
0,2,7,电压,32056,0x7d38,415,0.1
0,2,8,电压,32057,0x7d39,567,0.1
0,2,9,电压,32058,0x7d3a,456,0.1
0,2,10,电压,32059,0x7d3b,570,0.1
0,2,11,电压,32060,0x7d3c,391,0.1
0,2,12,电压,32061,0x7d3d,527,0.1
0,2,13,电压,32062,0x7d3e,379,0.1
0,2,14,电压,32063,0x7d3f,364,0.1
0,2,15,电压,32064,0x7d40,366,0.1
0,2,16,电压,32065,0x7d41,452,0.1
0,2,17,电压,32066,0x7d42,576,0.1
0,2,18,电压,32067,0x7d43,554,0.1
0,2,19,电压,32068,0x7d44,572,0.1
0,2,20,电压,32069,0x7d45,576,0.1
0,2,21,电压,32070,0x7d46,385,0.1
0,2,22,电压,32071,0x7d47,557,0.1
0,2,23,电压,32072,0x7d48,412,0.1
0,3,0,电压,32073,0x7d49,542,0.1
0,3,1,电压,32074,0x7d4a,473,0.1
0,3,2,电压,32075,0x7d4b,405,0.1
0,3,3,电压,32076,0x7d4c,381,0.1
0,3,4,电压,32077,0x7d4d,557,0.1
0,3,5,电压,32078,0x7d4e,516,0.1
0,3,6,电压,32079,0x7d4f,351,0.1
0,3,7,电压,32080,0x7d50,574,0.1
0,3,8,电压,32081,0x7d51,422,0.1
0,3,9,电压,32082,0x7d52,440,0.1
0,3,10,电压,32083,0x7d53,312,0.1
0,3,11,电压,32084,0x7d54,378,0.1
0,3,12,电压,32085,0x7d55,375,0.1
0,3,13,电压,32086,0x7d56,363,0.1
0,3,14,电压,32087,0x7d57,491,0.1
0,3,15,电压,32088,0x7d58,447,0.1
0,3,16,电压,32089,0x7d59,491,0.1
0,3,17,电压,32090,0x7d5a,593,0.1
0,3,18,电压,32091,0x7d5b,488,0.1
0,3,19,电压,32092,0x7d5c,353,0.1
0,3,20,电压,32093,0x7d5d,460,0.1
0,3,21,电压,32094,0x7d5e,356,0.1
0,3,22,电压,32095,0x7d5f,527,0.1
0,3,23,电压,32096,0x7d60,323,0.1
0,4,0,电压,32097,0x7d61,415,0.1
0,4,1,电压,32098,0x7d62,563,0.1
0,4,2,电压,32099,0x7d63,380,0.1
0,4,3,电压,32100,0x7d64,521,0.1
0,4,4,电压,32101,0x7d65,505,0.1
0,4,5,电压,32102,0x7d66,424,0.1
0,4,6,电压,32103,0x7d67,387,0.1
0,4,7,电压,32104,0x7d68,336,0.1
0,4,8,电压,32105,0x7d69,341,0.1
0,4,9,电压,32106,0x7d6a,313,0.1
0,4,10,电压,32107,0x7d6b,467,0.1
0,4,11,电压,32108,0x7d6c,496,0.1
0,4,12,电压,32109,0x7d6d,599,0.1
0,4,13,电压,32110,0x7d6e,551,0.1
0,4,14,电压,32111,0x7d6f,426,0.1
0,4,15,电压,32112,0x7d70,337,0.1
0,4,16,电压,32113,0x7d71,331,0.1
0,4,17,电压,32114,0x7d72,477,0.1
0,4,18,电压,32115,0x7d73,336,0.1
0,4,19,电压,32116,0x7d74,399,0.1
0,4,20,电压,32117,0x7d75,378,0.1
0,4,21,电压,32118,0x7d76,405,0.1
0,4,22,电压,32119,0x7d77,532,0.1
0,4,23,电压,32120,0x7d78,419,0.1
0,5,0,电压,32121,0x7d79,557,0.1
0,5,1,电压,32122,0x7d7a,421,0.1
0,5,2,电压,32123,0x7d7b,440,0.1
0,5,3,电压,32124,0x7d7c,519,0.1
0,5,4,电压,32125,0x7d7d,411,0.1
0,5,5,电压,32126,0x7d7e,434,0.1
0,5,6,电压,32127,0x7d7f,463,0.1
0,5,7,电压,32128,0x7d80,580,0.1
0,5,8,电压,32129,0x7d81,462,0.1
0,5,9,电压,32130,0x7d82,497,0.1
0,5,10,电压,32131,0x7d83,402,0.1
0,5,11,电压,32132,0x7d84,530,0.1
0,5,12,电压,32133,0x7d85,554,0.1
0,5,13,电压,32134,0x7d86,357,0.1
0,5,14,电压,32135,0x7d87,409,0.1
0,5,15,电压,32136,0x7d88,456,0.1
0,5,16,电压,32137,0x7d89,390,0.1
0,5,17,电压,32138,0x7d8a,572,0.1
0,5,18,电压,32139,0x7d8b,598,0.1
0,5,19,电压,32140,0x7d8c,304,0.1
0,5,20,电压,32141,0x7d8d,362,0.1
0,5,21,电压,32142,0x7d8e,565,0.1
0,5,22,电压,32143,0x7d8f,528,0.1
0,5,23,电压,32144,0x7d90,390,0.1
0,6,0,电压,32145,0x7d91,437,0.1
0,6,1,电压,32146,0x7d92,407,0.1
0,6,2,电压,32147,0x7d93,345,0.1
0,6,3,电压,32148,0x7d94,535,0.1
0,6,4,电压,32149,0x7d95,310,0.1
0,6,5,电压,32150,0x7d96,523,0.1
0,6,6,电压,32151,0x7d97,336,0.1
0,6,7,电压,32152,0x7d98,547,0.1
0,6,8,电压,32153,0x7d99,524,0.1
0,6,9,电压,32154,0x7d9a,578,0.1
0,6,10,电压,32155,0x7d9b,334,0.1
0,6,11,电压,32156,0x7d9c,340,0.1
0,6,12,电压,32157,0x7d9d,580,0.1
0,6,13,电压,32158,0x7d9e,508,0.1
0,6,14,电压,32159,0x7d9f,405,0.1
0,6,15,电压,32160,0x7da0,416,0.1
0,6,16,电压,32161,0x7da1,468,0.1
0,6,17,电压,32162,0x7da2,306,0.1
0,6,18,电压,32163,0x7da3,569,0.1
0,6,19,电压,32164,0x7da4,411,0.1
0,6,20,电压,32165,0x7da5,463,0.1
0,6,21,电压,32166,0x7da6,463,0.1
0,6,22,电压,32167,0x7da7,526,0.1
0,6,23,电压,32168,0x7da8,494,0.1
0,7,0,电压,32169,0x7da9,557,0.1
0,7,1,电压,32170,0x7daa,369,0.1
0,7,2,电压,32171,0x7dab,549,0.1
0,7,3,电压,32172,0x7dac,518,0.1
0,7,4,电压,32173,0x7dad,467,0.1
0,7,5,电压,32174,0x7dae,600,0.1
0,7,6,电压,32175,0x7daf,484,0.1
0,7,7,电压,32176,0x7db0,366,0.1
0,7,8,电压,32177,0x7db1,452,0.1
0,7,9,电压,32178,0x7db2,362,0.1
0,7,10,电压,32179,0x7db3,480,0.1
0,7,11,电压,32180,0x7db4,514,0.1
0,7,12,电压,32181,0x7db5,596,0.1
0,7,13,电压,32182,0x7db6,515,0.1
0,7,14,电压,32183,0x7db7,410,0.1
0,7,15,电压,32184,0x7db8,515,0.1
0,7,16,电压,32185,0x7db9,573,0.1
0,7,17,电压,32186,0x7dba,337,0.1
0,7,18,电压,32187,0x7dbb,578,0.1
0,7,19,电压,32188,0x7dbc,310,0.1
0,7,20,电压,32189,0x7dbd,491,0.1
0,7,21,电压,32190,0x7dbe,403,0.1
0,7,22,电压,32191,0x7dbf,437,0.1
0,7,23,电压,32192,0x7dc0,424,0.1
0,8,0,电压,32193,0x7dc1,395,0.1
0,8,1,电压,32194,0x7dc2,335,0.1
0,8,2,电压,32195,0x7dc3,446,0.1
0,8,3,电压,32196,0x7dc4,389,0.1
0,8,4,电压,32197,0x7dc5,451,0.1
0,8,5,电压,32198,0x7dc6,346,0.1
0,8,6,电压,32199,0x7dc7,310,0.1
0,8,7,电压,32200,0x7dc8,481,0.1
0,8,8,电压,32201,0x7dc9,369,0.1
0,8,9,电压,32202,0x7dca,556,0.1
0,8,10,电压,32203,0x7dcb,345,0.1
0,8,11,电压,32204,0x7dcc,560,0.1
0,8,12,电压,32205,0x7dcd,333,0.1
0,8,13,电压,32206,0x7dce,530,0.1
0,8,14,电压,32207,0x7dcf,573,0.1
0,8,15,电压,32208,0x7dd0,546,0.1
0,8,16,电压,32209,0x7dd1,320,0.1
0,8,17,电压,32210,0x7dd2,313,0.1
0,8,18,电压,32211,0x7dd3,389,0.1
0,8,19,电压,32212,0x7dd4,531,0.1
0,8,20,电压,32213,0x7dd5,537,0.1
0,8,21,电压,32214,0x7dd6,570,0.1
0,8,22,电压,32215,0x7dd7,380,0.1
0,8,23,电压,32216,0x7dd8,564,0.1
0,9,0,电压,32217,0x7dd9,594,0.1
0,9,1,电压,32218,0x7dda,533,0.1
0,9,2,电压,32219,0x7ddb,443,0.1
0,9,3,电压,32220,0x7ddc,506,0.1
0,9,4,电压,32221,0x7ddd,313,0.1
0,9,5,电压,32222,0x7dde,312,0.1
0,9,6,电压,32223,0x7ddf,547,0.1
0,9,7,电压,32224,0x7de0,311,0.1
0,9,8,电压,32225,0x7de1,397,0.1
0,9,9,电压,32226,0x7de2,399,0.1
0,9,10,电压,32227,0x7de3,445,0.1
0,9,11,电压,32228,0x7de4,451,0.1
0,9,12,电压,32229,0x7de5,487,0.1
0,9,13,电压,32230,0x7de6,527,0.1
0,9,14,电压,32231,0x7de7,467,0.1
0,9,15,电压,32232,0x7de8,549,0.1
0,9,16,电压,32233,0x7de9,469,0.1
0,9,17,电压,32234,0x7dea,394,0.1
0,9,18,电压,32235,0x7deb,403,0.1
0,9,19,电压,32236,0x7dec,565,0.1
0,9,20,电压,32237,0x7ded,328,0.1
0,9,21,电压,32238,0x7dee,508,0.1
0,9,22,电压,32239,0x7def,480,0.1
0,9,23,电压,32240,0x7df0,544,0.1
1,0,0,电压,34001,0x84d1,523,0.1
1,0,1,电压,34002,0x84d2,468,0.1
1,0,2,电压,34003,0x84d3,305,0.1
1,0,3,电压,34004,0x84d4,502,0.1
1,0,4,电压,34005,0x84d5,378,0.1
1,0,5,电压,34006,0x84d6,554,0.1
1,0,6,电压,34007,0x84d7,442,0.1
1,0,7,电压,34008,0x84d8,316,0.1
1,0,8,电压,34009,0x84d9,522,0.1
1,0,9,电压,34010,0x84da,520,0.1
1,0,10,电压,34011,0x84db,481,0.1
1,0,11,电压,34012,0x84dc,323,0.1
1,0,12,电压,34013,0x84dd,353,0.1
1,0,13,电压,34014,0x84de,458,0.1
1,0,14,电压,34015,0x84df,344,0.1
1,0,15,电压,34016,0x84e0,337,0.1
1,0,16,电压,34017,0x84e1,518,0.1
1,0,17,电压,34018,0x84e2,562,0.1
1,0,18,电压,34019,0x84e3,307,0.1
1,0,19,电压,34020,0x84e4,570,0.1
1,0,20,电压,34021,0x84e5,311,0.1
1,0,21,电压,34022,0x84e6,488,0.1
1,0,22,电压,34023,0x84e7,344,0.1
1,0,23,电压,34024,0x84e8,432,0.1
1,1,0,电压,34025,0x84e9,576,0.1
1,1,1,电压,34026,0x84ea,359,0.1
1,1,2,电压,34027,0x84eb,392,0.1
1,1,3,电压,34028,0x84ec,501,0.1
1,1,4,电压,34029,0x84ed,437,0.1
1,1,5,电压,34030,0x84ee,361,0.1
1,1,6,电压,34031,0x84ef,322,0.1
1,1,7,电压,34032,0x84f0,530,0.1
1,1,8,电压,34033,0x84f1,375,0.1
1,1,9,电压,34034,0x84f2,473,0.1
1,1,10,电压,34035,0x84f3,480,0.1
1,1,11,电压,34036,0x84f4,325,0.1
1,1,12,电压,34037,0x84f5,525,0.1
1,1,13,电压,34038,0x84f6,468,0.1
1,1,14,电压,34039,0x84f7,521,0.1
1,1,15,电压,34040,0x84f8,527,0.1
1,1,16,电压,34041,0x84f9,475,0.1
1,1,17,电压,34042,0x84fa,491,0.1
1,1,18,电压,34043,0x84fb,367,0.1
1,1,19,电压,34044,0x84fc,575,0.1
1,1,20,电压,34045,0x84fd,376,0.1
1,1,21,电压,34046,0x84fe,515,0.1
1,1,22,电压,34047,0x84ff,419,0.1
1,1,23,电压,34048,0x8500,530,0.1
1,2,0,电压,34049,0x8501,593,0.1
1,2,1,电压,34050,0x8502,578,0.1
1,2,2,电压,34051,0x8503,594,0.1
1,2,3,电压,34052,0x8504,343,0.1
1,2,4,电压,34053,0x8505,497,0.1
1,2,5,电压,34054,0x8506,543,0.1
1,2,6,电压,34055,0x8507,577,0.1
1,2,7,电压,34056,0x8508,507,0.1
1,2,8,电压,34057,0x8509,379,0.1
1,2,9,电压,34058,0x850a,522,0.1
1,2,10,电压,34059,0x850b,372,0.1
1,2,11,电压,34060,0x850c,314,0.1
1,2,12,电压,34061,0x850d,427,0.1
1,2,13,电压,34062,0x850e,432,0.1
1,2,14,电压,34063,0x850f,581,0.1
1,2,15,电压,34064,0x8510,452,0.1
1,2,16,电压,34065,0x8511,494,0.1
1,2,17,电压,34066,0x8512,360,0.1
1,2,18,电压,34067,0x8513,338,0.1
1,2,19,电压,34068,0x8514,596,0.1
1,2,20,电压,34069,0x8515,391,0.1
1,2,21,电压,34070,0x8516,302,0.1
1,2,22,电压,34071,0x8517,490,0.1
1,2,23,电压,34072,0x8518,333,0.1
1,3,0,电压,34073,0x8519,355,0.1
1,3,1,电压,34074,0x851a,561,0.1
1,3,2,电压,34075,0x851b,336,0.1
1,3,3,电压,34076,0x851c,480,0.1
1,3,4,电压,34077,0x851d,496,0.1
1,3,5,电压,34078,0x851e,434,0.1
1,3,6,电压,34079,0x851f,399,0.1
1,3,7,电压,34080,0x8520,518,0.1
1,3,8,电压,34081,0x8521,436,0.1
1,3,9,电压,34082,0x8522,555,0.1
1,3,10,电压,34083,0x8523,570,0.1
1,3,11,电压,34084,0x8524,543,0.1
1,3,12,电压,34085,0x8525,315,0.1
1,3,13,电压,34086,0x8526,522,0.1
1,3,14,电压,34087,0x8527,582,0.1
1,3,15,电压,34088,0x8528,325,0.1
1,3,16,电压,34089,0x8529,470,0.1
1,3,17,电压,34090,0x852a,337,0.1
1,3,18,电压,34091,0x852b,469,0.1
1,3,19,电压,34092,0x852c,472,0.1
1,3,20,电压,34093,0x852d,491,0.1
1,3,21,电压,34094,0x852e,393,0.1
1,3,22,电压,34095,0x852f,489,0.1
1,3,23,电压,34096,0x8530,328,0.1
1,4,0,电压,34097,0x8531,333,0.1
1,4,1,电压,34098,0x8532,398,0.1
1,4,2,电压,34099,0x8533,345,0.1
1,4,3,电压,34100,0x8534,433,0.1
1,4,4,电压,34101,0x8535,361,0.1
1,4,5,电压,34102,0x8536,469,0.1
1,4,6,电压,34103,0x8537,338,0.1
1,4,7,电压,34104,0x8538,462,0.1
1,4,8,电压,34105,0x8539,554,0.1
1,4,9,电压,34106,0x853a,577,0.1
1,4,10,电压,34107,0x853b,336,0.1
1,4,11,电压,34108,0x853c,377,0.1
1,4,12,电压,34109,0x853d,530,0.1
1,4,13,电压,34110,0x853e,349,0.1
1,4,14,电压,34111,0x853f,553,0.1
1,4,15,电压,34112,0x8540,436,0.1
1,4,16,电压,34113,0x8541,475,0.1
1,4,17,电压,34114,0x8542,460,0.1
1,4,18,电压,34115,0x8543,320,0.1
1,4,19,电压,34116,0x8544,357,0.1
1,4,20,电压,34117,0x8545,488,0.1
1,4,21,电压,34118,0x8546,595,0.1
1,4,22,电压,34119,0x8547,404,0.1
1,4,23,电压,34120,0x8548,509,0.1
1,5,0,电压,34121,0x8549,482,0.1
1,5,1,电压,34122,0x854a,523,0.1
1,5,2,电压,34123,0x854b,306,0.1
1,5,3,电压,34124,0x854c,327,0.1
1,5,4,电压,34125,0x854d,532,0.1
1,5,5,电压,34126,0x854e,410,0.1
1,5,6,电压,34127,0x854f,369,0.1
1,5,7,电压,34128,0x8550,496,0.1
1,5,8,电压,34129,0x8551,426,0.1
1,5,9,电压,34130,0x8552,478,0.1
1,5,10,电压,34131,0x8553,498,0.1
1,5,11,电压,34132,0x8554,588,0.1
1,5,12,电压,34133,0x8555,378,0.1
1,5,13,电压,34134,0x8556,430,0.1
1,5,14,电压,34135,0x8557,595,0.1
1,5,15,电压,34136,0x8558,330,0.1
1,5,16,电压,34137,0x8559,534,0.1
1,5,17,电压,34138,0x855a,513,0.1
1,5,18,电压,34139,0x855b,326,0.1
1,5,19,电压,34140,0x855c,308,0.1
1,5,20,电压,34141,0x855d,525,0.1
1,5,21,电压,34142,0x855e,456,0.1
1,5,22,电压,34143,0x855f,416,0.1
1,5,23,电压,34144,0x8560,495,0.1
1,6,0,电压,34145,0x8561,364,0.1
1,6,1,电压,34146,0x8562,420,0.1
1,6,2,电压,34147,0x8563,494,0.1
1,6,3,电压,34148,0x8564,398,0.1
1,6,4,电压,34149,0x8565,454,0.1
1,6,5,电压,34150,0x8566,412,0.1
1,6,6,电压,34151,0x8567,338,0.1
1,6,7,电压,34152,0x8568,369,0.1
1,6,8,电压,34153,0x8569,463,0.1
1,6,9,电压,34154,0x856a,498,0.1
1,6,10,电压,34155,0x856b,308,0.1
1,6,11,电压,34156,0x856c,471,0.1
1,6,12,电压,34157,0x856d,452,0.1
1,6,13,电压,34158,0x856e,489,0.1
1,6,14,电压,34159,0x856f,435,0.1
1,6,15,电压,34160,0x8570,346,0.1
1,6,16,电压,34161,0x8571,310,0.1
1,6,17,电压,34162,0x8572,553,0.1
1,6,18,电压,34163,0x8573,335,0.1
1,6,19,电压,34164,0x8574,523,0.1
1,6,20,电压,34165,0x8575,355,0.1
1,6,21,电压,34166,0x8576,335,0.1
1,6,22,电压,34167,0x8577,585,0.1
1,6,23,电压,34168,0x8578,443,0.1
1,7,0,电压,34169,0x8579,395,0.1
1,7,1,电压,34170,0x857a,401,0.1
1,7,2,电压,34171,0x857b,315,0.1
1,7,3,电压,34172,0x857c,596,0.1
1,7,4,电压,34173,0x857d,373,0.1
1,7,5,电压,34174,0x857e,448,0.1
1,7,6,电压,34175,0x857f,531,0.1
1,7,7,电压,34176,0x8580,371,0.1
1,7,8,电压,34177,0x8581,340,0.1
1,7,9,电压,34178,0x8582,455,0.1
1,7,10,电压,34179,0x8583,348,0.1
1,7,11,电压,34180,0x8584,393,0.1
1,7,12,电压,34181,0x8585,446,0.1
1,7,13,电压,34182,0x8586,374,0.1
1,7,14,电压,34183,0x8587,322,0.1
1,7,15,电压,34184,0x8588,390,0.1
1,7,16,电压,34185,0x8589,529,0.1
1,7,17,电压,34186,0x858a,433,0.1
1,7,18,电压,34187,0x858b,549,0.1
1,7,19,电压,34188,0x858c,541,0.1
1,7,20,电压,34189,0x858d,365,0.1
1,7,21,电压,34190,0x858e,377,0.1
1,7,22,电压,34191,0x858f,438,0.1
1,7,23,电压,34192,0x8590,496,0.1
1,8,0,电压,34193,0x8591,587,0.1
1,8,1,电压,34194,0x8592,435,0.1
1,8,2,电压,34195,0x8593,504,0.1
1,8,3,电压,34196,0x8594,387,0.1
1,8,4,电压,34197,0x8595,538,0.1
1,8,5,电压,34198,0x8596,457,0.1
1,8,6,电压,34199,0x8597,600,0.1
1,8,7,电压,34200,0x8598,398,0.1
1,8,8,电压,34201,0x8599,439,0.1
1,8,9,电压,34202,0x859a,568,0.1
1,8,10,电压,34203,0x859b,564,0.1
1,8,11,电压,34204,0x859c,449,0.1
1,8,12,电压,34205,0x859d,408,0.1
1,8,13,电压,34206,0x859e,492,0.1
1,8,14,电压,34207,0x859f,468,0.1
1,8,15,电压,34208,0x85a0,600,0.1
1,8,16,电压,34209,0x85a1,406,0.1
1,8,17,电压,34210,0x85a2,464,0.1
1,8,18,电压,34211,0x85a3,426,0.1
1,8,19,电压,34212,0x85a4,412,0.1
1,8,20,电压,34213,0x85a5,340,0.1
1,8,21,电压,34214,0x85a6,514,0.1
1,8,22,电压,34215,0x85a7,516,0.1
1,8,23,电压,34216,0x85a8,552,0.1
1,9,0,电压,34217,0x85a9,391,0.1
1,9,1,电压,34218,0x85aa,499,0.1
1,9,2,电压,34219,0x85ab,402,0.1
1,9,3,电压,34220,0x85ac,566,0.1
1,9,4,电压,34221,0x85ad,336,0.1
1,9,5,电压,34222,0x85ae,462,0.1
1,9,6,电压,34223,0x85af,569,0.1
1,9,7,电压,34224,0x85b0,410,0.1
1,9,8,电压,34225,0x85b1,422,0.1
1,9,9,电压,34226,0x85b2,450,0.1
1,9,10,电压,34227,0x85b3,453,0.1
1,9,11,电压,34228,0x85b4,579,0.1
1,9,12,电压,34229,0x85b5,493,0.1
1,9,13,电压,34230,0x85b6,393,0.1
1,9,14,电压,34231,0x85b7,381,0.1
1,9,15,电压,34232,0x85b8,416,0.1
1,9,16,电压,34233,0x85b9,303,0.1
1,9,17,电压,34234,0x85ba,382,0.1
1,9,18,电压,34235,0x85bb,553,0.1
1,9,19,电压,34236,0x85bc,461,0.1
1,9,20,电压,34237,0x85bd,346,0.1
1,9,21,电压,34238,0x85be,369,0.1
1,9,22,电压,34239,0x85bf,515,0.1
1,9,23,电压,34240,0x85c0,367,0.1
2,0,0,电压,36001,0x8ca1,482,0.1
2,0,1,电压,36002,0x8ca2,564,0.1
2,0,2,电压,36003,0x8ca3,370,0.1
2,0,3,电压,36004,0x8ca4,502,0.1
2,0,4,电压,36005,0x8ca5,398,0.1
2,0,5,电压,36006,0x8ca6,336,0.1
2,0,6,电压,36007,0x8ca7,513,0.1
2,0,7,电压,36008,0x8ca8,465,0.1
2,0,8,电压,36009,0x8ca9,506,0.1
2,0,9,电压,36010,0x8caa,542,0.1
2,0,10,电压,36011,0x8cab,503,0.1
2,0,11,电压,36012,0x8cac,400,0.1
2,0,12,电压,36013,0x8cad,418,0.1
2,0,13,电压,36014,0x8cae,511,0.1
2,0,14,电压,36015,0x8caf,551,0.1
2,0,15,电压,36016,0x8cb0,464,0.1
2,0,16,电压,36017,0x8cb1,403,0.1
2,0,17,电压,36018,0x8cb2,331,0.1
2,0,18,电压,36019,0x8cb3,573,0.1
2,0,19,电压,36020,0x8cb4,457,0.1
2,0,20,电压,36021,0x8cb5,431,0.1
2,0,21,电压,36022,0x8cb6,449,0.1
2,0,22,电压,36023,0x8cb7,583,0.1
2,0,23,电压,36024,0x8cb8,342,0.1
2,1,0,电压,36025,0x8cb9,315,0.1
2,1,1,电压,36026,0x8cba,587,0.1
2,1,2,电压,36027,0x8cbb,395,0.1
2,1,3,电压,36028,0x8cbc,361,0.1
2,1,4,电压,36029,0x8cbd,464,0.1
2,1,5,电压,36030,0x8cbe,300,0.1
2,1,6,电压,36031,0x8cbf,475,0.1
2,1,7,电压,36032,0x8cc0,466,0.1
2,1,8,电压,36033,0x8cc1,415,0.1
2,1,9,电压,36034,0x8cc2,310,0.1
2,1,10,电压,36035,0x8cc3,375,0.1
2,1,11,电压,36036,0x8cc4,351,0.1
2,1,12,电压,36037,0x8cc5,444,0.1
2,1,13,电压,36038,0x8cc6,402,0.1
2,1,14,电压,36039,0x8cc7,335,0.1
2,1,15,电压,36040,0x8cc8,412,0.1
2,1,16,电压,36041,0x8cc9,445,0.1
2,1,17,电压,36042,0x8cca,362,0.1
2,1,18,电压,36043,0x8ccb,382,0.1
2,1,19,电压,36044,0x8ccc,441,0.1
2,1,20,电压,36045,0x8ccd,565,0.1
2,1,21,电压,36046,0x8cce,315,0.1
2,1,22,电压,36047,0x8ccf,312,0.1
2,1,23,电压,36048,0x8cd0,384,0.1
2,2,0,电压,36049,0x8cd1,484,0.1
2,2,1,电压,36050,0x8cd2,502,0.1
2,2,2,电压,36051,0x8cd3,415,0.1
2,2,3,电压,36052,0x8cd4,477,0.1
2,2,4,电压,36053,0x8cd5,467,0.1
2,2,5,电压,36054,0x8cd6,563,0.1
2,2,6,电压,36055,0x8cd7,504,0.1
2,2,7,电压,36056,0x8cd8,569,0.1
2,2,8,电压,36057,0x8cd9,412,0.1
2,2,9,电压,36058,0x8cda,595,0.1
2,2,10,电压,36059,0x8cdb,402,0.1
2,2,11,电压,36060,0x8cdc,582,0.1
2,2,12,电压,36061,0x8cdd,458,0.1
2,2,13,电压,36062,0x8cde,328,0.1
2,2,14,电压,36063,0x8cdf,332,0.1
2,2,15,电压,36064,0x8ce0,590,0.1
2,2,16,电压,36065,0x8ce1,519,0.1
2,2,17,电压,36066,0x8ce2,403,0.1
2,2,18,电压,36067,0x8ce3,460,0.1
2,2,19,电压,36068,0x8ce4,524,0.1
2,2,20,电压,36069,0x8ce5,355,0.1
2,2,21,电压,36070,0x8ce6,437,0.1
2,2,22,电压,36071,0x8ce7,440,0.1
2,2,23,电压,36072,0x8ce8,400,0.1
2,3,0,电压,36073,0x8ce9,573,0.1
2,3,1,电压,36074,0x8cea,335,0.1
2,3,2,电压,36075,0x8ceb,592,0.1
2,3,3,电压,36076,0x8cec,513,0.1
2,3,4,电压,36077,0x8ced,375,0.1
2,3,5,电压,36078,0x8cee,560,0.1
2,3,6,电压,36079,0x8cef,510,0.1
2,3,7,电压,36080,0x8cf0,362,0.1
2,3,8,电压,36081,0x8cf1,390,0.1
2,3,9,电压,36082,0x8cf2,528,0.1
2,3,10,电压,36083,0x8cf3,531,0.1
2,3,11,电压,36084,0x8cf4,542,0.1
2,3,12,电压,36085,0x8cf5,525,0.1
2,3,13,电压,36086,0x8cf6,406,0.1
2,3,14,电压,36087,0x8cf7,371,0.1
2,3,15,电压,36088,0x8cf8,320,0.1
2,3,16,电压,36089,0x8cf9,473,0.1
2,3,17,电压,36090,0x8cfa,510,0.1
2,3,18,电压,36091,0x8cfb,380,0.1
2,3,19,电压,36092,0x8cfc,398,0.1
2,3,20,电压,36093,0x8cfd,342,0.1
2,3,21,电压,36094,0x8cfe,370,0.1
2,3,22,电压,36095,0x8cff,582,0.1
2,3,23,电压,36096,0x8d00,478,0.1
2,4,0,电压,36097,0x8d01,447,0.1
2,4,1,电压,36098,0x8d02,498,0.1
2,4,2,电压,36099,0x8d03,566,0.1
2,4,3,电压,36100,0x8d04,389,0.1
2,4,4,电压,36101,0x8d05,481,0.1
2,4,5,电压,36102,0x8d06,467,0.1
2,4,6,电压,36103,0x8d07,580,0.1
2,4,7,电压,36104,0x8d08,457,0.1
2,4,8,电压,36105,0x8d09,387,0.1
2,4,9,电压,36106,0x8d0a,508,0.1
2,4,10,电压,36107,0x8d0b,327,0.1
2,4,11,电压,36108,0x8d0c,354,0.1
2,4,12,电压,36109,0x8d0d,300,0.1
2,4,13,电压,36110,0x8d0e,388,0.1
2,4,14,电压,36111,0x8d0f,434,0.1
2,4,15,电压,36112,0x8d10,532,0.1
2,4,16,电压,36113,0x8d11,385,0.1
2,4,17,电压,36114,0x8d12,444,0.1
2,4,18,电压,36115,0x8d13,414,0.1
2,4,19,电压,36116,0x8d14,526,0.1
2,4,20,电压,36117,0x8d15,532,0.1
2,4,21,电压,36118,0x8d16,368,0.1
2,4,22,电压,36119,0x8d17,570,0.1
2,4,23,电压,36120,0x8d18,400,0.1
2,5,0,电压,36121,0x8d19,533,0.1
2,5,1,电压,36122,0x8d1a,481,0.1
2,5,2,电压,36123,0x8d1b,600,0.1
2,5,3,电压,36124,0x8d1c,378,0.1
2,5,4,电压,36125,0x8d1d,306,0.1
2,5,5,电压,36126,0x8d1e,559,0.1
2,5,6,电压,36127,0x8d1f,566,0.1
2,5,7,电压,36128,0x8d20,445,0.1
2,5,8,电压,36129,0x8d21,423,0.1
2,5,9,电压,36130,0x8d22,479,0.1
2,5,10,电压,36131,0x8d23,588,0.1
2,5,11,电压,36132,0x8d24,307,0.1
2,5,12,电压,36133,0x8d25,417,0.1
2,5,13,电压,36134,0x8d26,508,0.1
2,5,14,电压,36135,0x8d27,536,0.1
2,5,15,电压,36136,0x8d28,417,0.1
2,5,16,电压,36137,0x8d29,594,0.1
2,5,17,电压,36138,0x8d2a,469,0.1
2,5,18,电压,36139,0x8d2b,506,0.1
2,5,19,电压,36140,0x8d2c,349,0.1
2,5,20,电压,36141,0x8d2d,502,0.1
2,5,21,电压,36142,0x8d2e,496,0.1
2,5,22,电压,36143,0x8d2f,452,0.1
2,5,23,电压,36144,0x8d30,431,0.1
2,6,0,电压,36145,0x8d31,398,0.1
2,6,1,电压,36146,0x8d32,357,0.1
2,6,2,电压,36147,0x8d33,303,0.1
2,6,3,电压,36148,0x8d34,325,0.1
2,6,4,电压,36149,0x8d35,367,0.1
2,6,5,电压,36150,0x8d36,469,0.1
2,6,6,电压,36151,0x8d37,443,0.1
2,6,7,电压,36152,0x8d38,410,0.1
2,6,8,电压,36153,0x8d39,445,0.1
2,6,9,电压,36154,0x8d3a,487,0.1
2,6,10,电压,36155,0x8d3b,473,0.1
2,6,11,电压,36156,0x8d3c,449,0.1
2,6,12,电压,36157,0x8d3d,586,0.1
2,6,13,电压,36158,0x8d3e,302,0.1
2,6,14,电压,36159,0x8d3f,405,0.1
2,6,15,电压,36160,0x8d40,561,0.1
2,6,16,电压,36161,0x8d41,571,0.1
2,6,17,电压,36162,0x8d42,333,0.1
2,6,18,电压,36163,0x8d43,544,0.1
2,6,19,电压,36164,0x8d44,410,0.1
2,6,20,电压,36165,0x8d45,511,0.1
2,6,21,电压,36166,0x8d46,524,0.1
2,6,22,电压,36167,0x8d47,390,0.1
2,6,23,电压,36168,0x8d48,349,0.1
2,7,0,电压,36169,0x8d49,350,0.1
2,7,1,电压,36170,0x8d4a,500,0.1
2,7,2,电压,36171,0x8d4b,490,0.1
2,7,3,电压,36172,0x8d4c,351,0.1
2,7,4,电压,36173,0x8d4d,571,0.1
2,7,5,电压,36174,0x8d4e,495,0.1
2,7,6,电压,36175,0x8d4f,450,0.1
2,7,7,电压,36176,0x8d50,480,0.1
2,7,8,电压,36177,0x8d51,427,0.1
2,7,9,电压,36178,0x8d52,344,0.1
2,7,10,电压,36179,0x8d53,543,0.1
2,7,11,电压,36180,0x8d54,595,0.1
2,7,12,电压,36181,0x8d55,600,0.1
2,7,13,电压,36182,0x8d56,566,0.1
2,7,14,电压,36183,0x8d57,429,0.1
2,7,15,电压,36184,0x8d58,529,0.1
2,7,16,电压,36185,0x8d59,391,0.1
2,7,17,电压,36186,0x8d5a,446,0.1
2,7,18,电压,36187,0x8d5b,528,0.1
2,7,19,电压,36188,0x8d5c,443,0.1
2,7,20,电压,36189,0x8d5d,330,0.1
2,7,21,电压,36190,0x8d5e,517,0.1
2,7,22,电压,36191,0x8d5f,383,0.1
2,7,23,电压,36192,0x8d60,405,0.1
2,8,0,电压,36193,0x8d61,527,0.1
2,8,1,电压,36194,0x8d62,421,0.1
2,8,2,电压,36195,0x8d63,342,0.1
2,8,3,电压,36196,0x8d64,364,0.1
2,8,4,电压,36197,0x8d65,517,0.1
2,8,5,电压,36198,0x8d66,572,0.1
2,8,6,电压,36199,0x8d67,569,0.1
2,8,7,电压,36200,0x8d68,349,0.1
2,8,8,电压,36201,0x8d69,422,0.1
2,8,9,电压,36202,0x8d6a,327,0.1
2,8,10,电压,36203,0x8d6b,366,0.1
2,8,11,电压,36204,0x8d6c,482,0.1
2,8,12,电压,36205,0x8d6d,473,0.1
2,8,13,电压,36206,0x8d6e,300,0.1
2,8,14,电压,36207,0x8d6f,355,0.1
2,8,15,电压,36208,0x8d70,533,0.1
2,8,16,电压,36209,0x8d71,429,0.1
2,8,17,电压,36210,0x8d72,316,0.1
2,8,18,电压,36211,0x8d73,388,0.1
2,8,19,电压,36212,0x8d74,392,0.1
2,8,20,电压,36213,0x8d75,491,0.1
2,8,21,电压,36214,0x8d76,315,0.1
2,8,22,电压,36215,0x8d77,353,0.1
2,8,23,电压,36216,0x8d78,470,0.1
2,9,0,电压,36217,0x8d79,545,0.1
2,9,1,电压,36218,0x8d7a,317,0.1
2,9,2,电压,36219,0x8d7b,466,0.1
2,9,3,电压,36220,0x8d7c,395,0.1
2,9,4,电压,36221,0x8d7d,528,0.1
2,9,5,电压,36222,0x8d7e,317,0.1
2,9,6,电压,36223,0x8d7f,358,0.1
2,9,7,电压,36224,0x8d80,554,0.1
2,9,8,电压,36225,0x8d81,468,0.1
2,9,9,电压,36226,0x8d82,309,0.1
2,9,10,电压,36227,0x8d83,445,0.1
2,9,11,电压,36228,0x8d84,572,0.1
2,9,12,电压,36229,0x8d85,309,0.1
2,9,13,电压,36230,0x8d86,567,0.1
2,9,14,电压,36231,0x8d87,426,0.1
2,9,15,电压,36232,0x8d88,300,0.1
2,9,16,电压,36233,0x8d89,587,0.1
2,9,17,电压,36234,0x8d8a,505,0.1
2,9,18,电压,36235,0x8d8b,542,0.1
2,9,19,电压,36236,0x8d8c,542,0.1
2,9,20,电压,36237,0x8d8d,349,0.1
2,9,21,电压,36238,0x8d8e,346,0.1
2,9,22,电压,36239,0x8d8f,362,0.1
2,9,23,电压,36240,0x8d90,338,0.1
0,0,0,电流,32241,0x7df1,112,0.1
0,0,1,电流,32242,0x7df2,186,0.1
0,0,2,电流,32243,0x7df3,105,0.1
0,0,3,电流,32244,0x7df4,173,0.1
0,0,4,电流,32245,0x7df5,144,0.1
0,0,5,电流,32246,0x7df6,196,0.1
0,0,6,电流,32247,0x7df7,112,0.1
0,0,7,电流,32248,0x7df8,115,0.1
0,0,8,电流,32249,0x7df9,155,0.1
0,0,9,电流,32250,0x7dfa,127,0.1
0,0,10,电流,32251,0x7dfb,127,0.1
0,0,11,电流,32252,0x7dfc,178,0.1
0,0,12,电流,32253,0x7dfd,192,0.1
0,0,13,电流,32254,0x7dfe,169,0.1
0,0,14,电流,32255,0x7dff,170,0.1
0,0,15,电流,32256,0x7e00,193,0.1
0,0,16,电流,32257,0x7e01,106,0.1
0,0,17,电流,32258,0x7e02,200,0.1
0,0,18,电流,32259,0x7e03,178,0.1
0,0,19,电流,32260,0x7e04,115,0.1
0,0,20,电流,32261,0x7e05,193,0.1
0,0,21,电流,32262,0x7e06,178,0.1
0,0,22,电流,32263,0x7e07,163,0.1
0,0,23,电流,32264,0x7e08,116,0.1
0,1,0,电流,32265,0x7e09,112,0.1
0,1,1,电流,32266,0x7e0a,135,0.1
0,1,2,电流,32267,0x7e0b,183,0.1
0,1,3,电流,32268,0x7e0c,136,0.1
0,1,4,电流,32269,0x7e0d,119,0.1
0,1,5,电流,32270,0x7e0e,194,0.1
0,1,6,电流,32271,0x7e0f,125,0.1
0,1,7,电流,32272,0x7e10,170,0.1
0,1,8,电流,32273,0x7e11,190,0.1
0,1,9,电流,32274,0x7e12,197,0.1
0,1,10,电流,32275,0x7e13,148,0.1
0,1,11,电流,32276,0x7e14,145,0.1
0,1,12,电流,32277,0x7e15,200,0.1
0,1,13,电流,32278,0x7e16,134,0.1
0,1,14,电流,32279,0x7e17,197,0.1
0,1,15,电流,32280,0x7e18,154,0.1
0,1,16,电流,32281,0x7e19,163,0.1
0,1,17,电流,32282,0x7e1a,170,0.1
0,1,18,电流,32283,0x7e1b,159,0.1
0,1,19,电流,32284,0x7e1c,182,0.1
0,1,20,电流,32285,0x7e1d,102,0.1
0,1,21,电流,32286,0x7e1e,200,0.1
0,1,22,电流,32287,0x7e1f,114,0.1
0,1,23,电流,32288,0x7e20,113,0.1
0,2,0,电流,32289,0x7e21,126,0.1
0,2,1,电流,32290,0x7e22,163,0.1
0,2,2,电流,32291,0x7e23,119,0.1
0,2,3,电流,32292,0x7e24,180,0.1
0,2,4,电流,32293,0x7e25,200,0.1
0,2,5,电流,32294,0x7e26,104,0.1
0,2,6,电流,32295,0x7e27,148,0.1
0,2,7,电流,32296,0x7e28,156,0.1
0,2,8,电流,32297,0x7e29,131,0.1
0,2,9,电流,32298,0x7e2a,123,0.1
0,2,10,电流,32299,0x7e2b,192,0.1
0,2,11,电流,32300,0x7e2c,130,0.1
0,2,12,电流,32301,0x7e2d,163,0.1
0,2,13,电流,32302,0x7e2e,179,0.1
0,2,14,电流,32303,0x7e2f,123,0.1
0,2,15,电流,32304,0x7e30,180,0.1
0,2,16,电流,32305,0x7e31,123,0.1
0,2,17,电流,32306,0x7e32,129,0.1
0,2,18,电流,32307,0x7e33,117,0.1
0,2,19,电流,32308,0x7e34,183,0.1
0,2,20,电流,32309,0x7e35,140,0.1
0,2,21,电流,32310,0x7e36,146,0.1
0,2,22,电流,32311,0x7e37,173,0.1
0,2,23,电流,32312,0x7e38,119,0.1
0,3,0,电流,32313,0x7e39,199,0.1
0,3,1,电流,32314,0x7e3a,103,0.1
0,3,2,电流,32315,0x7e3b,142,0.1
0,3,3,电流,32316,0x7e3c,160,0.1
0,3,4,电流,32317,0x7e3d,153,0.1
0,3,5,电流,32318,0x7e3e,193,0.1
0,3,6,电流,32319,0x7e3f,128,0.1
0,3,7,电流,32320,0x7e40,169,0.1
0,3,8,电流,32321,0x7e41,116,0.1
0,3,9,电流,32322,0x7e42,188,0.1
0,3,10,电流,32323,0x7e43,116,0.1
0,3,11,电流,32324,0x7e44,174,0.1
0,3,12,电流,32325,0x7e45,110,0.1
0,3,13,电流,32326,0x7e46,161,0.1
0,3,14,电流,32327,0x7e47,174,0.1
0,3,15,电流,32328,0x7e48,103,0.1
0,3,16,电流,32329,0x7e49,191,0.1
0,3,17,电流,32330,0x7e4a,195,0.1
0,3,18,电流,32331,0x7e4b,180,0.1
0,3,19,电流,32332,0x7e4c,173,0.1
0,3,20,电流,32333,0x7e4d,177,0.1
0,3,21,电流,32334,0x7e4e,178,0.1
0,3,22,电流,32335,0x7e4f,154,0.1
0,3,23,电流,32336,0x7e50,124,0.1
0,4,0,电流,32337,0x7e51,175,0.1
0,4,1,电流,32338,0x7e52,134,0.1
0,4,2,电流,32339,0x7e53,180,0.1
0,4,3,电流,32340,0x7e54,134,0.1
0,4,4,电流,32341,0x7e55,134,0.1
0,4,5,电流,32342,0x7e56,182,0.1
0,4,6,电流,32343,0x7e57,116,0.1
0,4,7,电流,32344,0x7e58,185,0.1
0,4,8,电流,32345,0x7e59,134,0.1
0,4,9,电流,32346,0x7e5a,123,0.1
0,4,10,电流,32347,0x7e5b,190,0.1
0,4,11,电流,32348,0x7e5c,186,0.1
0,4,12,电流,32349,0x7e5d,154,0.1
0,4,13,电流,32350,0x7e5e,125,0.1
0,4,14,电流,32351,0x7e5f,155,0.1
0,4,15,电流,32352,0x7e60,173,0.1
0,4,16,电流,32353,0x7e61,132,0.1
0,4,17,电流,32354,0x7e62,165,0.1
0,4,18,电流,32355,0x7e63,136,0.1
0,4,19,电流,32356,0x7e64,115,0.1
0,4,20,电流,32357,0x7e65,111,0.1
0,4,21,电流,32358,0x7e66,198,0.1
0,4,22,电流,32359,0x7e67,138,0.1
0,4,23,电流,32360,0x7e68,182,0.1
0,5,0,电流,32361,0x7e69,172,0.1
0,5,1,电流,32362,0x7e6a,111,0.1
0,5,2,电流,32363,0x7e6b,189,0.1
0,5,3,电流,32364,0x7e6c,142,0.1
0,5,4,电流,32365,0x7e6d,146,0.1
0,5,5,电流,32366,0x7e6e,105,0.1
0,5,6,电流,32367,0x7e6f,173,0.1
0,5,7,电流,32368,0x7e70,126,0.1
0,5,8,电流,32369,0x7e71,111,0.1
0,5,9,电流,32370,0x7e72,105,0.1
0,5,10,电流,32371,0x7e73,190,0.1
0,5,11,电流,32372,0x7e74,199,0.1
0,5,12,电流,32373,0x7e75,131,0.1
0,5,13,电流,32374,0x7e76,131,0.1
0,5,14,电流,32375,0x7e77,132,0.1
0,5,15,电流,32376,0x7e78,127,0.1
0,5,16,电流,32377,0x7e79,124,0.1
0,5,17,电流,32378,0x7e7a,145,0.1
0,5,18,电流,32379,0x7e7b,125,0.1
0,5,19,电流,32380,0x7e7c,144,0.1
0,5,20,电流,32381,0x7e7d,167,0.1
0,5,21,电流,32382,0x7e7e,106,0.1
0,5,22,电流,32383,0x7e7f,136,0.1
0,5,23,电流,32384,0x7e80,107,0.1
0,6,0,电流,32385,0x7e81,123,0.1
0,6,1,电流,32386,0x7e82,120,0.1
0,6,2,电流,32387,0x7e83,117,0.1
0,6,3,电流,32388,0x7e84,199,0.1
0,6,4,电流,32389,0x7e85,142,0.1
0,6,5,电流,32390,0x7e86,123,0.1
0,6,6,电流,32391,0x7e87,171,0.1
0,6,7,电流,32392,0x7e88,138,0.1
0,6,8,电流,32393,0x7e89,131,0.1
0,6,9,电流,32394,0x7e8a,142,0.1
0,6,10,电流,32395,0x7e8b,157,0.1
0,6,11,电流,32396,0x7e8c,195,0.1
0,6,12,电流,32397,0x7e8d,185,0.1
0,6,13,电流,32398,0x7e8e,118,0.1
0,6,14,电流,32399,0x7e8f,188,0.1
0,6,15,电流,32400,0x7e90,195,0.1
0,6,16,电流,32401,0x7e91,104,0.1
0,6,17,电流,32402,0x7e92,156,0.1
0,6,18,电流,32403,0x7e93,189,0.1
0,6,19,电流,32404,0x7e94,165,0.1
0,6,20,电流,32405,0x7e95,137,0.1
0,6,21,电流,32406,0x7e96,181,0.1
0,6,22,电流,32407,0x7e97,168,0.1
0,6,23,电流,32408,0x7e98,178,0.1
0,7,0,电流,32409,0x7e99,163,0.1
0,7,1,电流,32410,0x7e9a,147,0.1
0,7,2,电流,32411,0x7e9b,186,0.1
0,7,3,电流,32412,0x7e9c,180,0.1
0,7,4,电流,32413,0x7e9d,126,0.1
0,7,5,电流,32414,0x7e9e,163,0.1
0,7,6,电流,32415,0x7e9f,102,0.1
0,7,7,电流,32416,0x7ea0,157,0.1
0,7,8,电流,32417,0x7ea1,166,0.1
0,7,9,电流,32418,0x7ea2,159,0.1
0,7,10,电流,32419,0x7ea3,117,0.1
0,7,11,电流,32420,0x7ea4,148,0.1
0,7,12,电流,32421,0x7ea5,113,0.1
0,7,13,电流,32422,0x7ea6,149,0.1
0,7,14,电流,32423,0x7ea7,167,0.1
0,7,15,电流,32424,0x7ea8,127,0.1
0,7,16,电流,32425,0x7ea9,158,0.1
0,7,17,电流,32426,0x7eaa,158,0.1
0,7,18,电流,32427,0x7eab,160,0.1
0,7,19,电流,32428,0x7eac,136,0.1
0,7,20,电流,32429,0x7ead,144,0.1
0,7,21,电流,32430,0x7eae,147,0.1
0,7,22,电流,32431,0x7eaf,167,0.1
0,7,23,电流,32432,0x7eb0,110,0.1
0,8,0,电流,32433,0x7eb1,116,0.1
0,8,1,电流,32434,0x7eb2,179,0.1
0,8,2,电流,32435,0x7eb3,106,0.1
0,8,3,电流,32436,0x7eb4,125,0.1
0,8,4,电流,32437,0x7eb5,137,0.1
0,8,5,电流,32438,0x7eb6,164,0.1
0,8,6,电流,32439,0x7eb7,199,0.1
0,8,7,电流,32440,0x7eb8,110,0.1
0,8,8,电流,32441,0x7eb9,115,0.1
0,8,9,电流,32442,0x7eba,199,0.1
0,8,10,电流,32443,0x7ebb,190,0.1
0,8,11,电流,32444,0x7ebc,155,0.1
0,8,12,电流,32445,0x7ebd,164,0.1
0,8,13,电流,32446,0x7ebe,158,0.1
0,8,14,电流,32447,0x7ebf,136,0.1
0,8,15,电流,32448,0x7ec0,102,0.1
0,8,16,电流,32449,0x7ec1,173,0.1
0,8,17,电流,32450,0x7ec2,183,0.1
0,8,18,电流,32451,0x7ec3,178,0.1
0,8,19,电流,32452,0x7ec4,159,0.1
0,8,20,电流,32453,0x7ec5,117,0.1
0,8,21,电流,32454,0x7ec6,130,0.1
0,8,22,电流,32455,0x7ec7,185,0.1
0,8,23,电流,32456,0x7ec8,116,0.1
0,9,0,电流,32457,0x7ec9,127,0.1
0,9,1,电流,32458,0x7eca,136,0.1
0,9,2,电流,32459,0x7ecb,102,0.1
0,9,3,电流,32460,0x7ecc,186,0.1
0,9,4,电流,32461,0x7ecd,197,0.1
0,9,5,电流,32462,0x7ece,125,0.1
0,9,6,电流,32463,0x7ecf,109,0.1
0,9,7,电流,32464,0x7ed0,183,0.1
0,9,8,电流,32465,0x7ed1,110,0.1
0,9,9,电流,32466,0x7ed2,144,0.1
0,9,10,电流,32467,0x7ed3,127,0.1
0,9,11,电流,32468,0x7ed4,194,0.1
0,9,12,电流,32469,0x7ed5,120,0.1
0,9,13,电流,32470,0x7ed6,158,0.1
0,9,14,电流,32471,0x7ed7,142,0.1
0,9,15,电流,32472,0x7ed8,183,0.1
0,9,16,电流,32473,0x7ed9,191,0.1
0,9,17,电流,32474,0x7eda,168,0.1
0,9,18,电流,32475,0x7edb,106,0.1
0,9,19,电流,32476,0x7edc,111,0.1
0,9,20,电流,32477,0x7edd,159,0.1
0,9,21,电流,32478,0x7ede,118,0.1
0,9,22,电流,32479,0x7edf,171,0.1
0,9,23,电流,32480,0x7ee0,169,0.1
1,0,0,电流,34241,0x85c1,149,0.1
1,0,1,电流,34242,0x85c2,183,0.1
1,0,2,电流,34243,0x85c3,125,0.1
1,0,3,电流,34244,0x85c4,178,0.1
1,0,4,电流,34245,0x85c5,191,0.1
1,0,5,电流,34246,0x85c6,155,0.1
1,0,6,电流,34247,0x85c7,130,0.1
1,0,7,电流,34248,0x85c8,152,0.1
1,0,8,电流,34249,0x85c9,156,0.1
1,0,9,电流,34250,0x85ca,129,0.1
1,0,10,电流,34251,0x85cb,109,0.1
1,0,11,电流,34252,0x85cc,129,0.1
1,0,12,电流,34253,0x85cd,118,0.1
1,0,13,电流,34254,0x85ce,118,0.1
1,0,14,电流,34255,0x85cf,107,0.1
1,0,15,电流,34256,0x85d0,164,0.1
1,0,16,电流,34257,0x85d1,149,0.1
1,0,17,电流,34258,0x85d2,113,0.1
1,0,18,电流,34259,0x85d3,147,0.1
1,0,19,电流,34260,0x85d4,198,0.1
1,0,20,电流,34261,0x85d5,155,0.1
1,0,21,电流,34262,0x85d6,190,0.1
1,0,22,电流,34263,0x85d7,126,0.1
1,0,23,电流,34264,0x85d8,154,0.1
1,1,0,电流,34265,0x85d9,169,0.1
1,1,1,电流,34266,0x85da,173,0.1
1,1,2,电流,34267,0x85db,191,0.1
1,1,3,电流,34268,0x85dc,188,0.1
1,1,4,电流,34269,0x85dd,133,0.1
1,1,5,电流,34270,0x85de,135,0.1
1,1,6,电流,34271,0x85df,163,0.1
1,1,7,电流,34272,0x85e0,156,0.1
1,1,8,电流,34273,0x85e1,162,0.1
1,1,9,电流,34274,0x85e2,128,0.1
1,1,10,电流,34275,0x85e3,105,0.1
1,1,11,电流,34276,0x85e4,152,0.1
1,1,12,电流,34277,0x85e5,170,0.1
1,1,13,电流,34278,0x85e6,139,0.1
1,1,14,电流,34279,0x85e7,157,0.1
1,1,15,电流,34280,0x85e8,164,0.1
1,1,16,电流,34281,0x85e9,137,0.1
1,1,17,电流,34282,0x85ea,163,0.1
1,1,18,电流,34283,0x85eb,148,0.1
1,1,19,电流,34284,0x85ec,155,0.1
1,1,20,电流,34285,0x85ed,131,0.1
1,1,21,电流,34286,0x85ee,149,0.1
1,1,22,电流,34287,0x85ef,125,0.1
1,1,23,电流,34288,0x85f0,120,0.1
1,2,0,电流,34289,0x85f1,110,0.1
1,2,1,电流,34290,0x85f2,135,0.1
1,2,2,电流,34291,0x85f3,100,0.1
1,2,3,电流,34292,0x85f4,110,0.1
1,2,4,电流,34293,0x85f5,126,0.1
1,2,5,电流,34294,0x85f6,117,0.1
1,2,6,电流,34295,0x85f7,194,0.1
1,2,7,电流,34296,0x85f8,144,0.1
1,2,8,电流,34297,0x85f9,140,0.1
1,2,9,电流,34298,0x85fa,138,0.1
1,2,10,电流,34299,0x85fb,170,0.1
1,2,11,电流,34300,0x85fc,129,0.1
1,2,12,电流,34301,0x85fd,132,0.1
1,2,13,电流,34302,0x85fe,189,0.1
1,2,14,电流,34303,0x85ff,174,0.1
1,2,15,电流,34304,0x8600,136,0.1
1,2,16,电流,34305,0x8601,131,0.1
1,2,17,电流,34306,0x8602,121,0.1
1,2,18,电流,34307,0x8603,183,0.1
1,2,19,电流,34308,0x8604,112,0.1
1,2,20,电流,34309,0x8605,130,0.1
1,2,21,电流,34310,0x8606,191,0.1
1,2,22,电流,34311,0x8607,167,0.1
1,2,23,电流,34312,0x8608,199,0.1
1,3,0,电流,34313,0x8609,167,0.1
1,3,1,电流,34314,0x860a,128,0.1
1,3,2,电流,34315,0x860b,145,0.1
1,3,3,电流,34316,0x860c,149,0.1
1,3,4,电流,34317,0x860d,166,0.1
1,3,5,电流,34318,0x860e,156,0.1
1,3,6,电流,34319,0x860f,152,0.1
1,3,7,电流,34320,0x8610,158,0.1
1,3,8,电流,34321,0x8611,153,0.1
1,3,9,电流,34322,0x8612,143,0.1
1,3,10,电流,34323,0x8613,198,0.1
1,3,11,电流,34324,0x8614,165,0.1
1,3,12,电流,34325,0x8615,177,0.1
1,3,13,电流,34326,0x8616,116,0.1
1,3,14,电流,34327,0x8617,137,0.1
1,3,15,电流,34328,0x8618,157,0.1
1,3,16,电流,34329,0x8619,127,0.1
1,3,17,电流,34330,0x861a,193,0.1
1,3,18,电流,34331,0x861b,152,0.1
1,3,19,电流,34332,0x861c,131,0.1
1,3,20,电流,34333,0x861d,130,0.1
1,3,21,电流,34334,0x861e,122,0.1
1,3,22,电流,34335,0x861f,135,0.1
1,3,23,电流,34336,0x8620,130,0.1
1,4,0,电流,34337,0x8621,147,0.1
1,4,1,电流,34338,0x8622,132,0.1
1,4,2,电流,34339,0x8623,199,0.1
1,4,3,电流,34340,0x8624,139,0.1
1,4,4,电流,34341,0x8625,120,0.1
1,4,5,电流,34342,0x8626,116,0.1
1,4,6,电流,34343,0x8627,186,0.1
1,4,7,电流,34344,0x8628,149,0.1
1,4,8,电流,34345,0x8629,117,0.1
1,4,9,电流,34346,0x862a,179,0.1
1,4,10,电流,34347,0x862b,171,0.1
1,4,11,电流,34348,0x862c,165,0.1
1,4,12,电流,34349,0x862d,174,0.1
1,4,13,电流,34350,0x862e,101,0.1
1,4,14,电流,34351,0x862f,124,0.1
1,4,15,电流,34352,0x8630,111,0.1
1,4,16,电流,34353,0x8631,124,0.1
1,4,17,电流,34354,0x8632,152,0.1
1,4,18,电流,34355,0x8633,187,0.1
1,4,19,电流,34356,0x8634,108,0.1
1,4,20,电流,34357,0x8635,173,0.1
1,4,21,电流,34358,0x8636,107,0.1
1,4,22,电流,34359,0x8637,181,0.1
1,4,23,电流,34360,0x8638,198,0.1
1,5,0,电流,34361,0x8639,143,0.1
1,5,1,电流,34362,0x863a,177,0.1
1,5,2,电流,34363,0x863b,145,0.1
1,5,3,电流,34364,0x863c,166,0.1
1,5,4,电流,34365,0x863d,134,0.1
1,5,5,电流,34366,0x863e,178,0.1
1,5,6,电流,34367,0x863f,117,0.1
1,5,7,电流,34368,0x8640,104,0.1
1,5,8,电流,34369,0x8641,152,0.1
1,5,9,电流,34370,0x8642,129,0.1
1,5,10,电流,34371,0x8643,145,0.1
1,5,11,电流,34372,0x8644,100,0.1
1,5,12,电流,34373,0x8645,149,0.1
1,5,13,电流,34374,0x8646,185,0.1
1,5,14,电流,34375,0x8647,170,0.1
1,5,15,电流,34376,0x8648,195,0.1
1,5,16,电流,34377,0x8649,132,0.1
1,5,17,电流,34378,0x864a,138,0.1
1,5,18,电流,34379,0x864b,130,0.1
1,5,19,电流,34380,0x864c,108,0.1
1,5,20,电流,34381,0x864d,101,0.1
1,5,21,电流,34382,0x864e,158,0.1
1,5,22,电流,34383,0x864f,194,0.1
1,5,23,电流,34384,0x8650,149,0.1
1,6,0,电流,34385,0x8651,134,0.1
1,6,1,电流,34386,0x8652,146,0.1
1,6,2,电流,34387,0x8653,111,0.1
1,6,3,电流,34388,0x8654,103,0.1
1,6,4,电流,34389,0x8655,156,0.1
1,6,5,电流,34390,0x8656,125,0.1
1,6,6,电流,34391,0x8657,180,0.1
1,6,7,电流,34392,0x8658,154,0.1
1,6,8,电流,34393,0x8659,156,0.1
1,6,9,电流,34394,0x865a,195,0.1
1,6,10,电流,34395,0x865b,144,0.1
1,6,11,电流,34396,0x865c,195,0.1
1,6,12,电流,34397,0x865d,196,0.1
1,6,13,电流,34398,0x865e,170,0.1
1,6,14,电流,34399,0x865f,161,0.1
1,6,15,电流,34400,0x8660,120,0.1
1,6,16,电流,34401,0x8661,199,0.1
1,6,17,电流,34402,0x8662,109,0.1
1,6,18,电流,34403,0x8663,161,0.1
1,6,19,电流,34404,0x8664,147,0.1
1,6,20,电流,34405,0x8665,183,0.1
1,6,21,电流,34406,0x8666,141,0.1
1,6,22,电流,34407,0x8667,150,0.1
1,6,23,电流,34408,0x8668,100,0.1
1,7,0,电流,34409,0x8669,128,0.1
1,7,1,电流,34410,0x866a,171,0.1
1,7,2,电流,34411,0x866b,166,0.1
1,7,3,电流,34412,0x866c,141,0.1
1,7,4,电流,34413,0x866d,162,0.1
1,7,5,电流,34414,0x866e,126,0.1
1,7,6,电流,34415,0x866f,185,0.1
1,7,7,电流,34416,0x8670,173,0.1
1,7,8,电流,34417,0x8671,161,0.1
1,7,9,电流,34418,0x8672,172,0.1
1,7,10,电流,34419,0x8673,146,0.1
1,7,11,电流,34420,0x8674,112,0.1
1,7,12,电流,34421,0x8675,132,0.1
1,7,13,电流,34422,0x8676,172,0.1
1,7,14,电流,34423,0x8677,187,0.1
1,7,15,电流,34424,0x8678,184,0.1
1,7,16,电流,34425,0x8679,103,0.1
1,7,17,电流,34426,0x867a,196,0.1
1,7,18,电流,34427,0x867b,165,0.1
1,7,19,电流,34428,0x867c,110,0.1
1,7,20,电流,34429,0x867d,115,0.1
1,7,21,电流,34430,0x867e,200,0.1
1,7,22,电流,34431,0x867f,170,0.1
1,7,23,电流,34432,0x8680,150,0.1
1,8,0,电流,34433,0x8681,131,0.1
1,8,1,电流,34434,0x8682,146,0.1
1,8,2,电流,34435,0x8683,156,0.1
1,8,3,电流,34436,0x8684,128,0.1
1,8,4,电流,34437,0x8685,151,0.1
1,8,5,电流,34438,0x8686,155,0.1
1,8,6,电流,34439,0x8687,191,0.1
1,8,7,电流,34440,0x8688,182,0.1
1,8,8,电流,34441,0x8689,142,0.1
1,8,9,电流,34442,0x868a,148,0.1
1,8,10,电流,34443,0x868b,100,0.1
1,8,11,电流,34444,0x868c,115,0.1
1,8,12,电流,34445,0x868d,114,0.1
1,8,13,电流,34446,0x868e,195,0.1
1,8,14,电流,34447,0x868f,171,0.1
1,8,15,电流,34448,0x8690,180,0.1
1,8,16,电流,34449,0x8691,102,0.1
1,8,17,电流,34450,0x8692,143,0.1
1,8,18,电流,34451,0x8693,114,0.1
1,8,19,电流,34452,0x8694,179,0.1
1,8,20,电流,34453,0x8695,101,0.1
1,8,21,电流,34454,0x8696,176,0.1
1,8,22,电流,34455,0x8697,152,0.1
1,8,23,电流,34456,0x8698,195,0.1
1,9,0,电流,34457,0x8699,199,0.1
1,9,1,电流,34458,0x869a,156,0.1
1,9,2,电流,34459,0x869b,198,0.1
1,9,3,电流,34460,0x869c,196,0.1
1,9,4,电流,34461,0x869d,133,0.1
1,9,5,电流,34462,0x869e,118,0.1
1,9,6,电流,34463,0x869f,148,0.1
1,9,7,电流,34464,0x86a0,100,0.1
1,9,8,电流,34465,0x86a1,121,0.1
1,9,9,电流,34466,0x86a2,124,0.1
1,9,10,电流,34467,0x86a3,140,0.1
1,9,11,电流,34468,0x86a4,147,0.1
1,9,12,电流,34469,0x86a5,197,0.1
1,9,13,电流,34470,0x86a6,165,0.1
1,9,14,电流,34471,0x86a7,137,0.1
1,9,15,电流,34472,0x86a8,186,0.1
1,9,16,电流,34473,0x86a9,121,0.1
1,9,17,电流,34474,0x86aa,163,0.1
1,9,18,电流,34475,0x86ab,181,0.1
1,9,19,电流,34476,0x86ac,114,0.1
1,9,20,电流,34477,0x86ad,130,0.1
1,9,21,电流,34478,0x86ae,181,0.1
1,9,22,电流,34479,0x86af,151,0.1
1,9,23,电流,34480,0x86b0,195,0.1
2,0,0,电流,36241,0x8d91,108,0.1
2,0,1,电流,36242,0x8d92,102,0.1
2,0,2,电流,36243,0x8d93,181,0.1
2,0,3,电流,36244,0x8d94,198,0.1
2,0,4,电流,36245,0x8d95,163,0.1
2,0,5,电流,36246,0x8d96,114,0.1
2,0,6,电流,36247,0x8d97,151,0.1
2,0,7,电流,36248,0x8d98,180,0.1
2,0,8,电流,36249,0x8d99,106,0.1
2,0,9,电流,36250,0x8d9a,188,0.1
2,0,10,电流,36251,0x8d9b,113,0.1
2,0,11,电流,36252,0x8d9c,155,0.1
2,0,12,电流,36253,0x8d9d,195,0.1
2,0,13,电流,36254,0x8d9e,125,0.1
2,0,14,电流,36255,0x8d9f,173,0.1
2,0,15,电流,36256,0x8da0,130,0.1
2,0,16,电流,36257,0x8da1,198,0.1
2,0,17,电流,36258,0x8da2,174,0.1
2,0,18,电流,36259,0x8da3,179,0.1
2,0,19,电流,36260,0x8da4,119,0.1
2,0,20,电流,36261,0x8da5,171,0.1
2,0,21,电流,36262,0x8da6,173,0.1
2,0,22,电流,36263,0x8da7,159,0.1
2,0,23,电流,36264,0x8da8,101,0.1
2,1,0,电流,36265,0x8da9,124,0.1
2,1,1,电流,36266,0x8daa,199,0.1
2,1,2,电流,36267,0x8dab,108,0.1
2,1,3,电流,36268,0x8dac,151,0.1
2,1,4,电流,36269,0x8dad,130,0.1
2,1,5,电流,36270,0x8dae,114,0.1
2,1,6,电流,36271,0x8daf,176,0.1
2,1,7,电流,36272,0x8db0,185,0.1
2,1,8,电流,36273,0x8db1,106,0.1
2,1,9,电流,36274,0x8db2,142,0.1
2,1,10,电流,36275,0x8db3,165,0.1
2,1,11,电流,36276,0x8db4,171,0.1
2,1,12,电流,36277,0x8db5,198,0.1
2,1,13,电流,36278,0x8db6,145,0.1
2,1,14,电流,36279,0x8db7,167,0.1
2,1,15,电流,36280,0x8db8,186,0.1
2,1,16,电流,36281,0x8db9,159,0.1
2,1,17,电流,36282,0x8dba,155,0.1
2,1,18,电流,36283,0x8dbb,178,0.1
2,1,19,电流,36284,0x8dbc,134,0.1
2,1,20,电流,36285,0x8dbd,124,0.1
2,1,21,电流,36286,0x8dbe,163,0.1
2,1,22,电流,36287,0x8dbf,146,0.1
2,1,23,电流,36288,0x8dc0,108,0.1
2,2,0,电流,36289,0x8dc1,112,0.1
2,2,1,电流,36290,0x8dc2,123,0.1
2,2,2,电流,36291,0x8dc3,151,0.1
2,2,3,电流,36292,0x8dc4,111,0.1
2,2,4,电流,36293,0x8dc5,105,0.1
2,2,5,电流,36294,0x8dc6,158,0.1
2,2,6,电流,36295,0x8dc7,135,0.1
2,2,7,电流,36296,0x8dc8,136,0.1
2,2,8,电流,36297,0x8dc9,146,0.1
2,2,9,电流,36298,0x8dca,194,0.1
2,2,10,电流,36299,0x8dcb,139,0.1
2,2,11,电流,36300,0x8dcc,164,0.1
2,2,12,电流,36301,0x8dcd,178,0.1
2,2,13,电流,36302,0x8dce,165,0.1
2,2,14,电流,36303,0x8dcf,118,0.1
2,2,15,电流,36304,0x8dd0,160,0.1
2,2,16,电流,36305,0x8dd1,143,0.1
2,2,17,电流,36306,0x8dd2,126,0.1
2,2,18,电流,36307,0x8dd3,148,0.1
2,2,19,电流,36308,0x8dd4,143,0.1
2,2,20,电流,36309,0x8dd5,139,0.1
2,2,21,电流,36310,0x8dd6,160,0.1
2,2,22,电流,36311,0x8dd7,145,0.1
2,2,23,电流,36312,0x8dd8,168,0.1
2,3,0,电流,36313,0x8dd9,134,0.1
2,3,1,电流,36314,0x8dda,165,0.1
2,3,2,电流,36315,0x8ddb,135,0.1
2,3,3,电流,36316,0x8ddc,161,0.1
2,3,4,电流,36317,0x8ddd,141,0.1
2,3,5,电流,36318,0x8dde,127,0.1
2,3,6,电流,36319,0x8ddf,125,0.1
2,3,7,电流,36320,0x8de0,198,0.1
2,3,8,电流,36321,0x8de1,143,0.1
2,3,9,电流,36322,0x8de2,129,0.1
2,3,10,电流,36323,0x8de3,167,0.1
2,3,11,电流,36324,0x8de4,192,0.1
2,3,12,电流,36325,0x8de5,137,0.1
2,3,13,电流,36326,0x8de6,100,0.1
2,3,14,电流,36327,0x8de7,126,0.1
2,3,15,电流,36328,0x8de8,187,0.1
2,3,16,电流,36329,0x8de9,109,0.1
2,3,17,电流,36330,0x8dea,191,0.1
2,3,18,电流,36331,0x8deb,194,0.1
2,3,19,电流,36332,0x8dec,136,0.1
2,3,20,电流,36333,0x8ded,147,0.1
2,3,21,电流,36334,0x8dee,185,0.1
2,3,22,电流,36335,0x8def,185,0.1
2,3,23,电流,36336,0x8df0,148,0.1
2,4,0,电流,36337,0x8df1,186,0.1
2,4,1,电流,36338,0x8df2,124,0.1
2,4,2,电流,36339,0x8df3,186,0.1
2,4,3,电流,36340,0x8df4,180,0.1
2,4,4,电流,36341,0x8df5,170,0.1
2,4,5,电流,36342,0x8df6,142,0.1
2,4,6,电流,36343,0x8df7,195,0.1
2,4,7,电流,36344,0x8df8,183,0.1
2,4,8,电流,36345,0x8df9,132,0.1
2,4,9,电流,36346,0x8dfa,176,0.1
2,4,10,电流,36347,0x8dfb,108,0.1
2,4,11,电流,36348,0x8dfc,126,0.1
2,4,12,电流,36349,0x8dfd,179,0.1
2,4,13,电流,36350,0x8dfe,121,0.1
2,4,14,电流,36351,0x8dff,160,0.1
2,4,15,电流,36352,0x8e00,179,0.1
2,4,16,电流,36353,0x8e01,155,0.1
2,4,17,电流,36354,0x8e02,180,0.1
2,4,18,电流,36355,0x8e03,162,0.1
2,4,19,电流,36356,0x8e04,101,0.1
2,4,20,电流,36357,0x8e05,160,0.1
2,4,21,电流,36358,0x8e06,168,0.1
2,4,22,电流,36359,0x8e07,195,0.1
2,4,23,电流,36360,0x8e08,136,0.1
2,5,0,电流,36361,0x8e09,132,0.1
2,5,1,电流,36362,0x8e0a,159,0.1
2,5,2,电流,36363,0x8e0b,171,0.1
2,5,3,电流,36364,0x8e0c,163,0.1
2,5,4,电流,36365,0x8e0d,161,0.1
2,5,5,电流,36366,0x8e0e,102,0.1
2,5,6,电流,36367,0x8e0f,162,0.1
2,5,7,电流,36368,0x8e10,122,0.1
2,5,8,电流,36369,0x8e11,174,0.1
2,5,9,电流,36370,0x8e12,153,0.1
2,5,10,电流,36371,0x8e13,140,0.1
2,5,11,电流,36372,0x8e14,123,0.1
2,5,12,电流,36373,0x8e15,109,0.1
2,5,13,电流,36374,0x8e16,171,0.1
2,5,14,电流,36375,0x8e17,186,0.1
2,5,15,电流,36376,0x8e18,115,0.1
2,5,16,电流,36377,0x8e19,182,0.1
2,5,17,电流,36378,0x8e1a,196,0.1
2,5,18,电流,36379,0x8e1b,135,0.1
2,5,19,电流,36380,0x8e1c,113,0.1
2,5,20,电流,36381,0x8e1d,191,0.1
2,5,21,电流,36382,0x8e1e,107,0.1
2,5,22,电流,36383,0x8e1f,109,0.1
2,5,23,电流,36384,0x8e20,196,0.1
2,6,0,电流,36385,0x8e21,122,0.1
2,6,1,电流,36386,0x8e22,101,0.1
2,6,2,电流,36387,0x8e23,143,0.1
2,6,3,电流,36388,0x8e24,157,0.1
2,6,4,电流,36389,0x8e25,172,0.1
2,6,5,电流,36390,0x8e26,112,0.1
2,6,6,电流,36391,0x8e27,111,0.1
2,6,7,电流,36392,0x8e28,122,0.1
2,6,8,电流,36393,0x8e29,110,0.1
2,6,9,电流,36394,0x8e2a,197,0.1
2,6,10,电流,36395,0x8e2b,184,0.1
2,6,11,电流,36396,0x8e2c,112,0.1
2,6,12,电流,36397,0x8e2d,198,0.1
2,6,13,电流,36398,0x8e2e,182,0.1
2,6,14,电流,36399,0x8e2f,144,0.1
2,6,15,电流,36400,0x8e30,182,0.1
2,6,16,电流,36401,0x8e31,110,0.1
2,6,17,电流,36402,0x8e32,135,0.1
2,6,18,电流,36403,0x8e33,138,0.1
2,6,19,电流,36404,0x8e34,172,0.1
2,6,20,电流,36405,0x8e35,108,0.1
2,6,21,电流,36406,0x8e36,155,0.1
2,6,22,电流,36407,0x8e37,158,0.1
2,6,23,电流,36408,0x8e38,154,0.1
2,7,0,电流,36409,0x8e39,163,0.1
2,7,1,电流,36410,0x8e3a,189,0.1
2,7,2,电流,36411,0x8e3b,103,0.1
2,7,3,电流,36412,0x8e3c,131,0.1
2,7,4,电流,36413,0x8e3d,147,0.1
2,7,5,电流,36414,0x8e3e,167,0.1
2,7,6,电流,36415,0x8e3f,135,0.1
2,7,7,电流,36416,0x8e40,199,0.1
2,7,8,电流,36417,0x8e41,117,0.1
2,7,9,电流,36418,0x8e42,145,0.1
2,7,10,电流,36419,0x8e43,124,0.1
2,7,11,电流,36420,0x8e44,128,0.1
2,7,12,电流,36421,0x8e45,159,0.1
2,7,13,电流,36422,0x8e46,160,0.1
2,7,14,电流,36423,0x8e47,165,0.1
2,7,15,电流,36424,0x8e48,138,0.1
2,7,16,电流,36425,0x8e49,149,0.1
2,7,17,电流,36426,0x8e4a,147,0.1
2,7,18,电流,36427,0x8e4b,159,0.1
2,7,19,电流,36428,0x8e4c,191,0.1
2,7,20,电流,36429,0x8e4d,106,0.1
2,7,21,电流,36430,0x8e4e,148,0.1
2,7,22,电流,36431,0x8e4f,108,0.1
2,7,23,电流,36432,0x8e50,188,0.1
2,8,0,电流,36433,0x8e51,171,0.1
2,8,1,电流,36434,0x8e52,106,0.1
2,8,2,电流,36435,0x8e53,190,0.1
2,8,3,电流,36436,0x8e54,159,0.1
2,8,4,电流,36437,0x8e55,156,0.1
2,8,5,电流,36438,0x8e56,170,0.1
2,8,6,电流,36439,0x8e57,195,0.1
2,8,7,电流,36440,0x8e58,195,0.1
2,8,8,电流,36441,0x8e59,177,0.1
2,8,9,电流,36442,0x8e5a,158,0.1
2,8,10,电流,36443,0x8e5b,165,0.1
2,8,11,电流,36444,0x8e5c,128,0.1
2,8,12,电流,36445,0x8e5d,179,0.1
2,8,13,电流,36446,0x8e5e,131,0.1
2,8,14,电流,36447,0x8e5f,160,0.1
2,8,15,电流,36448,0x8e60,103,0.1
2,8,16,电流,36449,0x8e61,175,0.1
2,8,17,电流,36450,0x8e62,169,0.1
2,8,18,电流,36451,0x8e63,119,0.1
2,8,19,电流,36452,0x8e64,109,0.1
2,8,20,电流,36453,0x8e65,150,0.1
2,8,21,电流,36454,0x8e66,124,0.1
2,8,22,电流,36455,0x8e67,173,0.1
2,8,23,电流,36456,0x8e68,118,0.1
2,9,0,电流,36457,0x8e69,144,0.1
2,9,1,电流,36458,0x8e6a,164,0.1
2,9,2,电流,36459,0x8e6b,165,0.1
2,9,3,电流,36460,0x8e6c,143,0.1
2,9,4,电流,36461,0x8e6d,126,0.1
2,9,5,电流,36462,0x8e6e,113,0.1
2,9,6,电流,36463,0x8e6f,156,0.1
2,9,7,电流,36464,0x8e70,160,0.1
2,9,8,电流,36465,0x8e71,155,0.1
2,9,9,电流,36466,0x8e72,155,0.1
2,9,10,电流,36467,0x8e73,137,0.1
2,9,11,电流,36468,0x8e74,174,0.1
2,9,12,电流,36469,0x8e75,122,0.1
2,9,13,电流,36470,0x8e76,184,0.1
2,9,14,电流,36471,0x8e77,101,0.1
2,9,15,电流,36472,0x8e78,154,0.1
2,9,16,电流,36473,0x8e79,146,0.1
2,9,17,电流,36474,0x8e7a,191,0.1
2,9,18,电流,36475,0x8e7b,142,0.1
2,9,19,电流,36476,0x8e7c,124,0.1
2,9,20,电流,36477,0x8e7d,175,0.1
2,9,21,电流,36478,0x8e7e,115,0.1
2,9,22,电流,36479,0x8e7f,114,0.1
2,9,23,电流,36480,0x8e80,197,0.1
0,0,0,温度,32481,0x7ee1,295,0.1
0,0,1,温度,32482,0x7ee2,248,0.1
0,0,2,温度,32483,0x7ee3,216,0.1
0,0,3,温度,32484,0x7ee4,217,0.1
0,0,4,温度,32485,0x7ee5,255,0.1
0,0,5,温度,32486,0x7ee6,283,0.1
0,0,6,温度,32487,0x7ee7,205,0.1
0,0,7,温度,32488,0x7ee8,243,0.1
0,0,8,温度,32489,0x7ee9,236,0.1
0,0,9,温度,32490,0x7eea,274,0.1
0,0,10,温度,32491,0x7eeb,286,0.1
0,0,11,温度,32492,0x7eec,292,0.1
0,0,12,温度,32493,0x7eed,259,0.1
0,0,13,温度,32494,0x7eee,262,0.1
0,0,14,温度,32495,0x7eef,294,0.1
0,0,15,温度,32496,0x7ef0,270,0.1
0,0,16,温度,32497,0x7ef1,226,0.1
0,0,17,温度,32498,0x7ef2,232,0.1
0,0,18,温度,32499,0x7ef3,270,0.1
0,0,19,温度,32500,0x7ef4,287,0.1
0,0,20,温度,32501,0x7ef5,213,0.1
0,0,21,温度,32502,0x7ef6,226,0.1
0,0,22,温度,32503,0x7ef7,272,0.1
0,0,23,温度,32504,0x7ef8,237,0.1
0,1,0,温度,32505,0x7ef9,268,0.1
0,1,1,温度,32506,0x7efa,207,0.1
0,1,2,温度,32507,0x7efb,222,0.1
0,1,3,温度,32508,0x7efc,232,0.1
0,1,4,温度,32509,0x7efd,211,0.1
0,1,5,温度,32510,0x7efe,296,0.1
0,1,6,温度,32511,0x7eff,223,0.1
0,1,7,温度,32512,0x7f00,234,0.1
0,1,8,温度,32513,0x7f01,203,0.1
0,1,9,温度,32514,0x7f02,280,0.1
0,1,10,温度,32515,0x7f03,225,0.1
0,1,11,温度,32516,0x7f04,281,0.1
0,1,12,温度,32517,0x7f05,276,0.1
0,1,13,温度,32518,0x7f06,218,0.1
0,1,14,温度,32519,0x7f07,267,0.1
0,1,15,温度,32520,0x7f08,256,0.1
0,1,16,温度,32521,0x7f09,266,0.1
0,1,17,温度,32522,0x7f0a,238,0.1
0,1,18,温度,32523,0x7f0b,218,0.1
0,1,19,温度,32524,0x7f0c,221,0.1
0,1,20,温度,32525,0x7f0d,238,0.1
0,1,21,温度,32526,0x7f0e,259,0.1
0,1,22,温度,32527,0x7f0f,280,0.1
0,1,23,温度,32528,0x7f10,252,0.1
0,2,0,温度,32529,0x7f11,238,0.1
0,2,1,温度,32530,0x7f12,224,0.1
0,2,2,温度,32531,0x7f13,250,0.1
0,2,3,温度,32532,0x7f14,239,0.1
0,2,4,温度,32533,0x7f15,239,0.1
0,2,5,温度,32534,0x7f16,294,0.1
0,2,6,温度,32535,0x7f17,213,0.1
0,2,7,温度,32536,0x7f18,205,0.1
0,2,8,温度,32537,0x7f19,275,0.1
0,2,9,温度,32538,0x7f1a,243,0.1
0,2,10,温度,32539,0x7f1b,258,0.1
0,2,11,温度,32540,0x7f1c,283,0.1
0,2,12,温度,32541,0x7f1d,272,0.1
0,2,13,温度,32542,0x7f1e,223,0.1
0,2,14,温度,32543,0x7f1f,242,0.1
0,2,15,温度,32544,0x7f20,265,0.1
0,2,16,温度,32545,0x7f21,223,0.1
0,2,17,温度,32546,0x7f22,265,0.1
0,2,18,温度,32547,0x7f23,258,0.1
0,2,19,温度,32548,0x7f24,286,0.1
0,2,20,温度,32549,0x7f25,207,0.1
0,2,21,温度,32550,0x7f26,221,0.1
0,2,22,温度,32551,0x7f27,294,0.1
0,2,23,温度,32552,0x7f28,227,0.1
0,3,0,温度,32553,0x7f29,270,0.1
0,3,1,温度,32554,0x7f2a,298,0.1
0,3,2,温度,32555,0x7f2b,288,0.1
0,3,3,温度,32556,0x7f2c,294,0.1
0,3,4,温度,32557,0x7f2d,223,0.1
0,3,5,温度,32558,0x7f2e,229,0.1
0,3,6,温度,32559,0x7f2f,220,0.1
0,3,7,温度,32560,0x7f30,237,0.1
0,3,8,温度,32561,0x7f31,215,0.1
0,3,9,温度,32562,0x7f32,230,0.1
0,3,10,温度,32563,0x7f33,283,0.1
0,3,11,温度,32564,0x7f34,213,0.1
0,3,12,温度,32565,0x7f35,229,0.1
0,3,13,温度,32566,0x7f36,289,0.1
0,3,14,温度,32567,0x7f37,245,0.1
0,3,15,温度,32568,0x7f38,275,0.1
0,3,16,温度,32569,0x7f39,297,0.1
0,3,17,温度,32570,0x7f3a,200,0.1
0,3,18,温度,32571,0x7f3b,289,0.1
0,3,19,温度,32572,0x7f3c,231,0.1
0,3,20,温度,32573,0x7f3d,294,0.1
0,3,21,温度,32574,0x7f3e,264,0.1
0,3,22,温度,32575,0x7f3f,205,0.1
0,3,23,温度,32576,0x7f40,206,0.1
0,4,0,温度,32577,0x7f41,217,0.1
0,4,1,温度,32578,0x7f42,288,0.1
0,4,2,温度,32579,0x7f43,213,0.1
0,4,3,温度,32580,0x7f44,275,0.1
0,4,4,温度,32581,0x7f45,293,0.1
0,4,5,温度,32582,0x7f46,268,0.1
0,4,6,温度,32583,0x7f47,291,0.1
0,4,7,温度,32584,0x7f48,222,0.1
0,4,8,温度,32585,0x7f49,246,0.1
0,4,9,温度,32586,0x7f4a,290,0.1
0,4,10,温度,32587,0x7f4b,224,0.1
0,4,11,温度,32588,0x7f4c,236,0.1
0,4,12,温度,32589,0x7f4d,260,0.1
0,4,13,温度,32590,0x7f4e,294,0.1
0,4,14,温度,32591,0x7f4f,234,0.1
0,4,15,温度,32592,0x7f50,267,0.1
0,4,16,温度,32593,0x7f51,280,0.1
0,4,17,温度,32594,0x7f52,209,0.1
0,4,18,温度,32595,0x7f53,267,0.1
0,4,19,温度,32596,0x7f54,254,0.1
0,4,20,温度,32597,0x7f55,243,0.1
0,4,21,温度,32598,0x7f56,236,0.1
0,4,22,温度,32599,0x7f57,200,0.1
0,4,23,温度,32600,0x7f58,211,0.1
0,5,0,温度,32601,0x7f59,259,0.1
0,5,1,温度,32602,0x7f5a,259,0.1
0,5,2,温度,32603,0x7f5b,273,0.1
0,5,3,温度,32604,0x7f5c,248,0.1
0,5,4,温度,32605,0x7f5d,295,0.1
0,5,5,温度,32606,0x7f5e,220,0.1
0,5,6,温度,32607,0x7f5f,251,0.1
0,5,7,温度,32608,0x7f60,240,0.1
0,5,8,温度,32609,0x7f61,255,0.1
0,5,9,温度,32610,0x7f62,264,0.1
0,5,10,温度,32611,0x7f63,297,0.1
0,5,11,温度,32612,0x7f64,267,0.1
0,5,12,温度,32613,0x7f65,248,0.1
0,5,13,温度,32614,0x7f66,273,0.1
0,5,14,温度,32615,0x7f67,293,0.1
0,5,15,温度,32616,0x7f68,204,0.1
0,5,16,温度,32617,0x7f69,279,0.1
0,5,17,温度,32618,0x7f6a,236,0.1
0,5,18,温度,32619,0x7f6b,246,0.1
0,5,19,温度,32620,0x7f6c,239,0.1
0,5,20,温度,32621,0x7f6d,242,0.1
0,5,21,温度,32622,0x7f6e,219,0.1
0,5,22,温度,32623,0x7f6f,214,0.1
0,5,23,温度,32624,0x7f70,295,0.1
0,6,0,温度,32625,0x7f71,295,0.1
0,6,1,温度,32626,0x7f72,215,0.1
0,6,2,温度,32627,0x7f73,220,0.1
0,6,3,温度,32628,0x7f74,211,0.1
0,6,4,温度,32629,0x7f75,287,0.1
0,6,5,温度,32630,0x7f76,285,0.1
0,6,6,温度,32631,0x7f77,250,0.1
0,6,7,温度,32632,0x7f78,290,0.1
0,6,8,温度,32633,0x7f79,200,0.1
0,6,9,温度,32634,0x7f7a,217,0.1
0,6,10,温度,32635,0x7f7b,277,0.1
0,6,11,温度,32636,0x7f7c,246,0.1
0,6,12,温度,32637,0x7f7d,291,0.1
0,6,13,温度,32638,0x7f7e,278,0.1
0,6,14,温度,32639,0x7f7f,264,0.1
0,6,15,温度,32640,0x7f80,233,0.1
0,6,16,温度,32641,0x7f81,200,0.1
0,6,17,温度,32642,0x7f82,275,0.1
0,6,18,温度,32643,0x7f83,263,0.1
0,6,19,温度,32644,0x7f84,235,0.1
0,6,20,温度,32645,0x7f85,201,0.1
0,6,21,温度,32646,0x7f86,214,0.1
0,6,22,温度,32647,0x7f87,253,0.1
0,6,23,温度,32648,0x7f88,200,0.1
0,7,0,温度,32649,0x7f89,201,0.1
0,7,1,温度,32650,0x7f8a,249,0.1
0,7,2,温度,32651,0x7f8b,281,0.1
0,7,3,温度,32652,0x7f8c,270,0.1
0,7,4,温度,32653,0x7f8d,261,0.1
0,7,5,温度,32654,0x7f8e,279,0.1
0,7,6,温度,32655,0x7f8f,222,0.1
0,7,7,温度,32656,0x7f90,236,0.1
0,7,8,温度,32657,0x7f91,226,0.1
0,7,9,温度,32658,0x7f92,271,0.1
0,7,10,温度,32659,0x7f93,245,0.1
0,7,11,温度,32660,0x7f94,286,0.1
0,7,12,温度,32661,0x7f95,201,0.1
0,7,13,温度,32662,0x7f96,250,0.1
0,7,14,温度,32663,0x7f97,257,0.1
0,7,15,温度,32664,0x7f98,276,0.1
0,7,16,温度,32665,0x7f99,235,0.1
0,7,17,温度,32666,0x7f9a,239,0.1
0,7,18,温度,32667,0x7f9b,235,0.1
0,7,19,温度,32668,0x7f9c,283,0.1
0,7,20,温度,32669,0x7f9d,283,0.1
0,7,21,温度,32670,0x7f9e,202,0.1
0,7,22,温度,32671,0x7f9f,251,0.1
0,7,23,温度,32672,0x7fa0,264,0.1
0,8,0,温度,32673,0x7fa1,297,0.1
0,8,1,温度,32674,0x7fa2,258,0.1
0,8,2,温度,32675,0x7fa3,286,0.1
0,8,3,温度,32676,0x7fa4,207,0.1
0,8,4,温度,32677,0x7fa5,210,0.1
0,8,5,温度,32678,0x7fa6,289,0.1
0,8,6,温度,32679,0x7fa7,288,0.1
0,8,7,温度,32680,0x7fa8,258,0.1
0,8,8,温度,32681,0x7fa9,295,0.1
0,8,9,温度,32682,0x7faa,300,0.1
0,8,10,温度,32683,0x7fab,251,0.1
0,8,11,温度,32684,0x7fac,279,0.1
0,8,12,温度,32685,0x7fad,252,0.1
0,8,13,温度,32686,0x7fae,273,0.1
0,8,14,温度,32687,0x7faf,291,0.1
0,8,15,温度,32688,0x7fb0,225,0.1
0,8,16,温度,32689,0x7fb1,221,0.1
0,8,17,温度,32690,0x7fb2,229,0.1
0,8,18,温度,32691,0x7fb3,276,0.1
0,8,19,温度,32692,0x7fb4,216,0.1
0,8,20,温度,32693,0x7fb5,263,0.1
0,8,21,温度,32694,0x7fb6,262,0.1
0,8,22,温度,32695,0x7fb7,255,0.1
0,8,23,温度,32696,0x7fb8,226,0.1
0,9,0,温度,32697,0x7fb9,244,0.1
0,9,1,温度,32698,0x7fba,296,0.1
0,9,2,温度,32699,0x7fbb,216,0.1
0,9,3,温度,32700,0x7fbc,255,0.1
0,9,4,温度,32701,0x7fbd,219,0.1
0,9,5,温度,32702,0x7fbe,217,0.1
0,9,6,温度,32703,0x7fbf,205,0.1
0,9,7,温度,32704,0x7fc0,245,0.1
0,9,8,温度,32705,0x7fc1,256,0.1
0,9,9,温度,32706,0x7fc2,243,0.1
0,9,10,温度,32707,0x7fc3,286,0.1
0,9,11,温度,32708,0x7fc4,262,0.1
0,9,12,温度,32709,0x7fc5,252,0.1
0,9,13,温度,32710,0x7fc6,222,0.1
0,9,14,温度,32711,0x7fc7,282,0.1
0,9,15,温度,32712,0x7fc8,254,0.1
0,9,16,温度,32713,0x7fc9,270,0.1
0,9,17,温度,32714,0x7fca,248,0.1
0,9,18,温度,32715,0x7fcb,248,0.1
0,9,19,温度,32716,0x7fcc,255,0.1
0,9,20,温度,32717,0x7fcd,254,0.1
0,9,21,温度,32718,0x7fce,264,0.1
0,9,22,温度,32719,0x7fcf,248,0.1
0,9,23,温度,32720,0x7fd0,220,0.1
1,0,0,温度,34481,0x86b1,249,0.1
1,0,1,温度,34482,0x86b2,297,0.1
1,0,2,温度,34483,0x86b3,292,0.1
1,0,3,温度,34484,0x86b4,261,0.1
1,0,4,温度,34485,0x86b5,225,0.1
1,0,5,温度,34486,0x86b6,218,0.1
1,0,6,温度,34487,0x86b7,272,0.1
1,0,7,温度,34488,0x86b8,263,0.1
1,0,8,温度,34489,0x86b9,263,0.1
1,0,9,温度,34490,0x86ba,298,0.1
1,0,10,温度,34491,0x86bb,211,0.1
1,0,11,温度,34492,0x86bc,250,0.1
1,0,12,温度,34493,0x86bd,267,0.1
1,0,13,温度,34494,0x86be,228,0.1
1,0,14,温度,34495,0x86bf,206,0.1
1,0,15,温度,34496,0x86c0,271,0.1
1,0,16,温度,34497,0x86c1,265,0.1
1,0,17,温度,34498,0x86c2,237,0.1
1,0,18,温度,34499,0x86c3,257,0.1
1,0,19,温度,34500,0x86c4,242,0.1
1,0,20,温度,34501,0x86c5,290,0.1
1,0,21,温度,34502,0x86c6,258,0.1
1,0,22,温度,34503,0x86c7,238,0.1
1,0,23,温度,34504,0x86c8,249,0.1
1,1,0,温度,34505,0x86c9,297,0.1
1,1,1,温度,34506,0x86ca,207,0.1
1,1,2,温度,34507,0x86cb,258,0.1
1,1,3,温度,34508,0x86cc,239,0.1
1,1,4,温度,34509,0x86cd,286,0.1
1,1,5,温度,34510,0x86ce,248,0.1
1,1,6,温度,34511,0x86cf,232,0.1
1,1,7,温度,34512,0x86d0,215,0.1
1,1,8,温度,34513,0x86d1,246,0.1
1,1,9,温度,34514,0x86d2,224,0.1
1,1,10,温度,34515,0x86d3,261,0.1
1,1,11,温度,34516,0x86d4,271,0.1
1,1,12,温度,34517,0x86d5,232,0.1
1,1,13,温度,34518,0x86d6,300,0.1
1,1,14,温度,34519,0x86d7,239,0.1
1,1,15,温度,34520,0x86d8,235,0.1
1,1,16,温度,34521,0x86d9,239,0.1
1,1,17,温度,34522,0x86da,230,0.1
1,1,18,温度,34523,0x86db,277,0.1
1,1,19,温度,34524,0x86dc,261,0.1
1,1,20,温度,34525,0x86dd,282,0.1
1,1,21,温度,34526,0x86de,201,0.1
1,1,22,温度,34527,0x86df,203,0.1
1,1,23,温度,34528,0x86e0,214,0.1
1,2,0,温度,34529,0x86e1,293,0.1
1,2,1,温度,34530,0x86e2,264,0.1
1,2,2,温度,34531,0x86e3,297,0.1
1,2,3,温度,34532,0x86e4,272,0.1
1,2,4,温度,34533,0x86e5,229,0.1
1,2,5,温度,34534,0x86e6,230,0.1
1,2,6,温度,34535,0x86e7,263,0.1
1,2,7,温度,34536,0x86e8,222,0.1
1,2,8,温度,34537,0x86e9,205,0.1
1,2,9,温度,34538,0x86ea,212,0.1
1,2,10,温度,34539,0x86eb,214,0.1
1,2,11,温度,34540,0x86ec,273,0.1
1,2,12,温度,34541,0x86ed,228,0.1
1,2,13,温度,34542,0x86ee,265,0.1
1,2,14,温度,34543,0x86ef,271,0.1
1,2,15,温度,34544,0x86f0,251,0.1
1,2,16,温度,34545,0x86f1,222,0.1
1,2,17,温度,34546,0x86f2,255,0.1
1,2,18,温度,34547,0x86f3,209,0.1
1,2,19,温度,34548,0x86f4,293,0.1
1,2,20,温度,34549,0x86f5,297,0.1
1,2,21,温度,34550,0x86f6,243,0.1
1,2,22,温度,34551,0x86f7,266,0.1
1,2,23,温度,34552,0x86f8,237,0.1
1,3,0,温度,34553,0x86f9,299,0.1
1,3,1,温度,34554,0x86fa,272,0.1
1,3,2,温度,34555,0x86fb,287,0.1
1,3,3,温度,34556,0x86fc,247,0.1
1,3,4,温度,34557,0x86fd,286,0.1
1,3,5,温度,34558,0x86fe,239,0.1
1,3,6,温度,34559,0x86ff,282,0.1
1,3,7,温度,34560,0x8700,287,0.1
1,3,8,温度,34561,0x8701,237,0.1
1,3,9,温度,34562,0x8702,230,0.1
1,3,10,温度,34563,0x8703,231,0.1
1,3,11,温度,34564,0x8704,209,0.1
1,3,12,温度,34565,0x8705,213,0.1
1,3,13,温度,34566,0x8706,220,0.1
1,3,14,温度,34567,0x8707,296,0.1
1,3,15,温度,34568,0x8708,222,0.1
1,3,16,温度,34569,0x8709,282,0.1
1,3,17,温度,34570,0x870a,222,0.1
1,3,18,温度,34571,0x870b,259,0.1
1,3,19,温度,34572,0x870c,288,0.1
1,3,20,温度,34573,0x870d,233,0.1
1,3,21,温度,34574,0x870e,250,0.1
1,3,22,温度,34575,0x870f,291,0.1
1,3,23,温度,34576,0x8710,278,0.1
1,4,0,温度,34577,0x8711,288,0.1
1,4,1,温度,34578,0x8712,215,0.1
1,4,2,温度,34579,0x8713,245,0.1
1,4,3,温度,34580,0x8714,228,0.1
1,4,4,温度,34581,0x8715,292,0.1
1,4,5,温度,34582,0x8716,251,0.1
1,4,6,温度,34583,0x8717,247,0.1
1,4,7,温度,34584,0x8718,261,0.1
1,4,8,温度,34585,0x8719,200,0.1
1,4,9,温度,34586,0x871a,212,0.1
1,4,10,温度,34587,0x871b,236,0.1
1,4,11,温度,34588,0x871c,269,0.1
1,4,12,温度,34589,0x871d,234,0.1
1,4,13,温度,34590,0x871e,297,0.1
1,4,14,温度,34591,0x871f,224,0.1
1,4,15,温度,34592,0x8720,238,0.1
1,4,16,温度,34593,0x8721,229,0.1
1,4,17,温度,34594,0x8722,282,0.1
1,4,18,温度,34595,0x8723,284,0.1
1,4,19,温度,34596,0x8724,206,0.1
1,4,20,温度,34597,0x8725,234,0.1
1,4,21,温度,34598,0x8726,216,0.1
1,4,22,温度,34599,0x8727,255,0.1
1,4,23,温度,34600,0x8728,263,0.1
1,5,0,温度,34601,0x8729,265,0.1
1,5,1,温度,34602,0x872a,241,0.1
1,5,2,温度,34603,0x872b,246,0.1
1,5,3,温度,34604,0x872c,253,0.1
1,5,4,温度,34605,0x872d,293,0.1
1,5,5,温度,34606,0x872e,203,0.1
1,5,6,温度,34607,0x872f,288,0.1
1,5,7,温度,34608,0x8730,239,0.1
1,5,8,温度,34609,0x8731,209,0.1
1,5,9,温度,34610,0x8732,241,0.1
1,5,10,温度,34611,0x8733,273,0.1
1,5,11,温度,34612,0x8734,248,0.1
1,5,12,温度,34613,0x8735,205,0.1
1,5,13,温度,34614,0x8736,206,0.1
1,5,14,温度,34615,0x8737,240,0.1
1,5,15,温度,34616,0x8738,211,0.1
1,5,16,温度,34617,0x8739,244,0.1
1,5,17,温度,34618,0x873a,268,0.1
1,5,18,温度,34619,0x873b,219,0.1
1,5,19,温度,34620,0x873c,246,0.1
1,5,20,温度,34621,0x873d,226,0.1
1,5,21,温度,34622,0x873e,277,0.1
1,5,22,温度,34623,0x873f,259,0.1
1,5,23,温度,34624,0x8740,272,0.1
1,6,0,温度,34625,0x8741,203,0.1
1,6,1,温度,34626,0x8742,283,0.1
1,6,2,温度,34627,0x8743,231,0.1
1,6,3,温度,34628,0x8744,229,0.1
1,6,4,温度,34629,0x8745,208,0.1
1,6,5,温度,34630,0x8746,239,0.1
1,6,6,温度,34631,0x8747,298,0.1
1,6,7,温度,34632,0x8748,215,0.1
1,6,8,温度,34633,0x8749,225,0.1
1,6,9,温度,34634,0x874a,202,0.1
1,6,10,温度,34635,0x874b,205,0.1
1,6,11,温度,34636,0x874c,273,0.1
1,6,12,温度,34637,0x874d,272,0.1
1,6,13,温度,34638,0x874e,252,0.1
1,6,14,温度,34639,0x874f,208,0.1
1,6,15,温度,34640,0x8750,258,0.1
1,6,16,温度,34641,0x8751,207,0.1
1,6,17,温度,34642,0x8752,213,0.1
1,6,18,温度,34643,0x8753,225,0.1
1,6,19,温度,34644,0x8754,220,0.1
1,6,20,温度,34645,0x8755,223,0.1
1,6,21,温度,34646,0x8756,272,0.1
1,6,22,温度,34647,0x8757,222,0.1
1,6,23,温度,34648,0x8758,235,0.1
1,7,0,温度,34649,0x8759,206,0.1
1,7,1,温度,34650,0x875a,275,0.1
1,7,2,温度,34651,0x875b,247,0.1
1,7,3,温度,34652,0x875c,283,0.1
1,7,4,温度,34653,0x875d,206,0.1
1,7,5,温度,34654,0x875e,251,0.1
1,7,6,温度,34655,0x875f,224,0.1
1,7,7,温度,34656,0x8760,298,0.1
1,7,8,温度,34657,0x8761,210,0.1
1,7,9,温度,34658,0x8762,291,0.1
1,7,10,温度,34659,0x8763,232,0.1
1,7,11,温度,34660,0x8764,262,0.1
1,7,12,温度,34661,0x8765,233,0.1
1,7,13,温度,34662,0x8766,205,0.1
1,7,14,温度,34663,0x8767,256,0.1
1,7,15,温度,34664,0x8768,221,0.1
1,7,16,温度,34665,0x8769,227,0.1
1,7,17,温度,34666,0x876a,280,0.1
1,7,18,温度,34667,0x876b,280,0.1
1,7,19,温度,34668,0x876c,270,0.1
1,7,20,温度,34669,0x876d,206,0.1
1,7,21,温度,34670,0x876e,237,0.1
1,7,22,温度,34671,0x876f,255,0.1
1,7,23,温度,34672,0x8770,261,0.1
1,8,0,温度,34673,0x8771,206,0.1
1,8,1,温度,34674,0x8772,219,0.1
1,8,2,温度,34675,0x8773,288,0.1
1,8,3,温度,34676,0x8774,241,0.1
1,8,4,温度,34677,0x8775,251,0.1
1,8,5,温度,34678,0x8776,224,0.1
1,8,6,温度,34679,0x8777,246,0.1
1,8,7,温度,34680,0x8778,270,0.1
1,8,8,温度,34681,0x8779,207,0.1
1,8,9,温度,34682,0x877a,242,0.1
1,8,10,温度,34683,0x877b,280,0.1
1,8,11,温度,34684,0x877c,260,0.1
1,8,12,温度,34685,0x877d,216,0.1
1,8,13,温度,34686,0x877e,235,0.1
1,8,14,温度,34687,0x877f,288,0.1
1,8,15,温度,34688,0x8780,210,0.1
1,8,16,温度,34689,0x8781,245,0.1
1,8,17,温度,34690,0x8782,256,0.1
1,8,18,温度,34691,0x8783,201,0.1
1,8,19,温度,34692,0x8784,291,0.1
1,8,20,温度,34693,0x8785,212,0.1
1,8,21,温度,34694,0x8786,220,0.1
1,8,22,温度,34695,0x8787,282,0.1
1,8,23,温度,34696,0x8788,288,0.1
1,9,0,温度,34697,0x8789,232,0.1
1,9,1,温度,34698,0x878a,263,0.1
1,9,2,温度,34699,0x878b,225,0.1
1,9,3,温度,34700,0x878c,278,0.1
1,9,4,温度,34701,0x878d,221,0.1
1,9,5,温度,34702,0x878e,224,0.1
1,9,6,温度,34703,0x878f,262,0.1
1,9,7,温度,34704,0x8790,242,0.1
1,9,8,温度,34705,0x8791,255,0.1
1,9,9,温度,34706,0x8792,228,0.1
1,9,10,温度,34707,0x8793,217,0.1
1,9,11,温度,34708,0x8794,250,0.1
1,9,12,温度,34709,0x8795,252,0.1
1,9,13,温度,34710,0x8796,275,0.1
1,9,14,温度,34711,0x8797,252,0.1
1,9,15,温度,34712,0x8798,250,0.1
1,9,16,温度,34713,0x8799,206,0.1
1,9,17,温度,34714,0x879a,298,0.1
1,9,18,温度,34715,0x879b,207,0.1
1,9,19,温度,34716,0x879c,246,0.1
1,9,20,温度,34717,0x879d,222,0.1
1,9,21,温度,34718,0x879e,261,0.1
1,9,22,温度,34719,0x879f,231,0.1
1,9,23,温度,34720,0x87a0,230,0.1
2,0,0,温度,36481,0x8e81,297,0.1
2,0,1,温度,36482,0x8e82,213,0.1
2,0,2,温度,36483,0x8e83,234,0.1
2,0,3,温度,36484,0x8e84,210,0.1
2,0,4,温度,36485,0x8e85,287,0.1
2,0,5,温度,36486,0x8e86,257,0.1
2,0,6,温度,36487,0x8e87,287,0.1
2,0,7,温度,36488,0x8e88,209,0.1
2,0,8,温度,36489,0x8e89,300,0.1
2,0,9,温度,36490,0x8e8a,296,0.1
2,0,10,温度,36491,0x8e8b,222,0.1
2,0,11,温度,36492,0x8e8c,264,0.1
2,0,12,温度,36493,0x8e8d,293,0.1
2,0,13,温度,36494,0x8e8e,287,0.1
2,0,14,温度,36495,0x8e8f,246,0.1
2,0,15,温度,36496,0x8e90,214,0.1
2,0,16,温度,36497,0x8e91,239,0.1
2,0,17,温度,36498,0x8e92,207,0.1
2,0,18,温度,36499,0x8e93,266,0.1
2,0,19,温度,36500,0x8e94,269,0.1
2,0,20,温度,36501,0x8e95,277,0.1
2,0,21,温度,36502,0x8e96,255,0.1
2,0,22,温度,36503,0x8e97,286,0.1
2,0,23,温度,36504,0x8e98,285,0.1
2,1,0,温度,36505,0x8e99,230,0.1
2,1,1,温度,36506,0x8e9a,211,0.1
2,1,2,温度,36507,0x8e9b,218,0.1
2,1,3,温度,36508,0x8e9c,284,0.1
2,1,4,温度,36509,0x8e9d,271,0.1
2,1,5,温度,36510,0x8e9e,223,0.1
2,1,6,温度,36511,0x8e9f,272,0.1
2,1,7,温度,36512,0x8ea0,284,0.1
2,1,8,温度,36513,0x8ea1,209,0.1
2,1,9,温度,36514,0x8ea2,208,0.1
2,1,10,温度,36515,0x8ea3,263,0.1
2,1,11,温度,36516,0x8ea4,246,0.1
2,1,12,温度,36517,0x8ea5,233,0.1
2,1,13,温度,36518,0x8ea6,287,0.1
2,1,14,温度,36519,0x8ea7,213,0.1
2,1,15,温度,36520,0x8ea8,284,0.1
2,1,16,温度,36521,0x8ea9,263,0.1
2,1,17,温度,36522,0x8eaa,210,0.1
2,1,18,温度,36523,0x8eab,201,0.1
2,1,19,温度,36524,0x8eac,213,0.1
2,1,20,温度,36525,0x8ead,280,0.1
2,1,21,温度,36526,0x8eae,299,0.1
2,1,22,温度,36527,0x8eaf,291,0.1
2,1,23,温度,36528,0x8eb0,276,0.1
2,2,0,温度,36529,0x8eb1,203,0.1
2,2,1,温度,36530,0x8eb2,245,0.1
2,2,2,温度,36531,0x8eb3,298,0.1
2,2,3,温度,36532,0x8eb4,287,0.1
2,2,4,温度,36533,0x8eb5,225,0.1
2,2,5,温度,36534,0x8eb6,263,0.1
2,2,6,温度,36535,0x8eb7,262,0.1
2,2,7,温度,36536,0x8eb8,267,0.1
2,2,8,温度,36537,0x8eb9,271,0.1
2,2,9,温度,36538,0x8eba,262,0.1
2,2,10,温度,36539,0x8ebb,234,0.1
2,2,11,温度,36540,0x8ebc,216,0.1
2,2,12,温度,36541,0x8ebd,264,0.1
2,2,13,温度,36542,0x8ebe,274,0.1
2,2,14,温度,36543,0x8ebf,274,0.1
2,2,15,温度,36544,0x8ec0,212,0.1
2,2,16,温度,36545,0x8ec1,272,0.1
2,2,17,温度,36546,0x8ec2,297,0.1
2,2,18,温度,36547,0x8ec3,252,0.1
2,2,19,温度,36548,0x8ec4,271,0.1
2,2,20,温度,36549,0x8ec5,232,0.1
2,2,21,温度,36550,0x8ec6,299,0.1
2,2,22,温度,36551,0x8ec7,208,0.1
2,2,23,温度,36552,0x8ec8,214,0.1
2,3,0,温度,36553,0x8ec9,225,0.1
2,3,1,温度,36554,0x8eca,263,0.1
2,3,2,温度,36555,0x8ecb,293,0.1
2,3,3,温度,36556,0x8ecc,200,0.1
2,3,4,温度,36557,0x8ecd,266,0.1
2,3,5,温度,36558,0x8ece,298,0.1
2,3,6,温度,36559,0x8ecf,214,0.1
2,3,7,温度,36560,0x8ed0,278,0.1
2,3,8,温度,36561,0x8ed1,225,0.1
2,3,9,温度,36562,0x8ed2,220,0.1
2,3,10,温度,36563,0x8ed3,295,0.1
2,3,11,温度,36564,0x8ed4,298,0.1
2,3,12,温度,36565,0x8ed5,286,0.1
2,3,13,温度,36566,0x8ed6,243,0.1
2,3,14,温度,36567,0x8ed7,279,0.1
2,3,15,温度,36568,0x8ed8,272,0.1
2,3,16,温度,36569,0x8ed9,289,0.1
2,3,17,温度,36570,0x8eda,297,0.1
2,3,18,温度,36571,0x8edb,272,0.1
2,3,19,温度,36572,0x8edc,295,0.1
2,3,20,温度,36573,0x8edd,300,0.1
2,3,21,温度,36574,0x8ede,239,0.1
2,3,22,温度,36575,0x8edf,276,0.1
2,3,23,温度,36576,0x8ee0,291,0.1
2,4,0,温度,36577,0x8ee1,207,0.1
2,4,1,温度,36578,0x8ee2,276,0.1
2,4,2,温度,36579,0x8ee3,217,0.1
2,4,3,温度,36580,0x8ee4,211,0.1
2,4,4,温度,36581,0x8ee5,222,0.1
2,4,5,温度,36582,0x8ee6,232,0.1
2,4,6,温度,36583,0x8ee7,259,0.1
2,4,7,温度,36584,0x8ee8,209,0.1
2,4,8,温度,36585,0x8ee9,229,0.1
2,4,9,温度,36586,0x8eea,276,0.1
2,4,10,温度,36587,0x8eeb,288,0.1
2,4,11,温度,36588,0x8eec,228,0.1
2,4,12,温度,36589,0x8eed,202,0.1
2,4,13,温度,36590,0x8eee,218,0.1
2,4,14,温度,36591,0x8eef,202,0.1
2,4,15,温度,36592,0x8ef0,277,0.1
2,4,16,温度,36593,0x8ef1,280,0.1
2,4,17,温度,36594,0x8ef2,200,0.1
2,4,18,温度,36595,0x8ef3,249,0.1
2,4,19,温度,36596,0x8ef4,233,0.1
2,4,20,温度,36597,0x8ef5,278,0.1
2,4,21,温度,36598,0x8ef6,241,0.1
2,4,22,温度,36599,0x8ef7,209,0.1
2,4,23,温度,36600,0x8ef8,213,0.1
2,5,0,温度,36601,0x8ef9,259,0.1
2,5,1,温度,36602,0x8efa,207,0.1
2,5,2,温度,36603,0x8efb,272,0.1
2,5,3,温度,36604,0x8efc,282,0.1
2,5,4,温度,36605,0x8efd,232,0.1
2,5,5,温度,36606,0x8efe,253,0.1
2,5,6,温度,36607,0x8eff,285,0.1
2,5,7,温度,36608,0x8f00,283,0.1
2,5,8,温度,36609,0x8f01,217,0.1
2,5,9,温度,36610,0x8f02,272,0.1
2,5,10,温度,36611,0x8f03,212,0.1
2,5,11,温度,36612,0x8f04,276,0.1
2,5,12,温度,36613,0x8f05,272,0.1
2,5,13,温度,36614,0x8f06,300,0.1
2,5,14,温度,36615,0x8f07,292,0.1
2,5,15,温度,36616,0x8f08,205,0.1
2,5,16,温度,36617,0x8f09,212,0.1
2,5,17,温度,36618,0x8f0a,269,0.1
2,5,18,温度,36619,0x8f0b,222,0.1
2,5,19,温度,36620,0x8f0c,237,0.1
2,5,20,温度,36621,0x8f0d,247,0.1
2,5,21,温度,36622,0x8f0e,254,0.1
2,5,22,温度,36623,0x8f0f,239,0.1
2,5,23,温度,36624,0x8f10,284,0.1
2,6,0,温度,36625,0x8f11,272,0.1
2,6,1,温度,36626,0x8f12,267,0.1
2,6,2,温度,36627,0x8f13,285,0.1
2,6,3,温度,36628,0x8f14,278,0.1
2,6,4,温度,36629,0x8f15,250,0.1
2,6,5,温度,36630,0x8f16,233,0.1
2,6,6,温度,36631,0x8f17,263,0.1
2,6,7,温度,36632,0x8f18,235,0.1
2,6,8,温度,36633,0x8f19,280,0.1
2,6,9,温度,36634,0x8f1a,247,0.1
2,6,10,温度,36635,0x8f1b,245,0.1
2,6,11,温度,36636,0x8f1c,222,0.1
2,6,12,温度,36637,0x8f1d,286,0.1
2,6,13,温度,36638,0x8f1e,249,0.1
2,6,14,温度,36639,0x8f1f,267,0.1
2,6,15,温度,36640,0x8f20,256,0.1
2,6,16,温度,36641,0x8f21,266,0.1
2,6,17,温度,36642,0x8f22,240,0.1
2,6,18,温度,36643,0x8f23,270,0.1
2,6,19,温度,36644,0x8f24,295,0.1
2,6,20,温度,36645,0x8f25,286,0.1
2,6,21,温度,36646,0x8f26,248,0.1
2,6,22,温度,36647,0x8f27,266,0.1
2,6,23,温度,36648,0x8f28,276,0.1
2,7,0,温度,36649,0x8f29,244,0.1
2,7,1,温度,36650,0x8f2a,269,0.1
2,7,2,温度,36651,0x8f2b,296,0.1
2,7,3,温度,36652,0x8f2c,247,0.1
2,7,4,温度,36653,0x8f2d,210,0.1
2,7,5,温度,36654,0x8f2e,286,0.1
2,7,6,温度,36655,0x8f2f,236,0.1
2,7,7,温度,36656,0x8f30,299,0.1
2,7,8,温度,36657,0x8f31,274,0.1
2,7,9,温度,36658,0x8f32,283,0.1
2,7,10,温度,36659,0x8f33,213,0.1
2,7,11,温度,36660,0x8f34,277,0.1
2,7,12,温度,36661,0x8f35,223,0.1
2,7,13,温度,36662,0x8f36,214,0.1
2,7,14,温度,36663,0x8f37,218,0.1
2,7,15,温度,36664,0x8f38,231,0.1
2,7,16,温度,36665,0x8f39,262,0.1
2,7,17,温度,36666,0x8f3a,217,0.1
2,7,18,温度,36667,0x8f3b,246,0.1
2,7,19,温度,36668,0x8f3c,273,0.1
2,7,20,温度,36669,0x8f3d,214,0.1
2,7,21,温度,36670,0x8f3e,230,0.1
2,7,22,温度,36671,0x8f3f,266,0.1
2,7,23,温度,36672,0x8f40,226,0.1
2,8,0,温度,36673,0x8f41,201,0.1
2,8,1,温度,36674,0x8f42,234,0.1
2,8,2,温度,36675,0x8f43,264,0.1
2,8,3,温度,36676,0x8f44,203,0.1
2,8,4,温度,36677,0x8f45,230,0.1
2,8,5,温度,36678,0x8f46,268,0.1
2,8,6,温度,36679,0x8f47,258,0.1
2,8,7,温度,36680,0x8f48,205,0.1
2,8,8,温度,36681,0x8f49,204,0.1
2,8,9,温度,36682,0x8f4a,200,0.1
2,8,10,温度,36683,0x8f4b,279,0.1
2,8,11,温度,36684,0x8f4c,207,0.1
2,8,12,温度,36685,0x8f4d,277,0.1
2,8,13,温度,36686,0x8f4e,267,0.1
2,8,14,温度,36687,0x8f4f,270,0.1
2,8,15,温度,36688,0x8f50,285,0.1
2,8,16,温度,36689,0x8f51,213,0.1
2,8,17,温度,36690,0x8f52,220,0.1
2,8,18,温度,36691,0x8f53,265,0.1
2,8,19,温度,36692,0x8f54,278,0.1
2,8,20,温度,36693,0x8f55,270,0.1
2,8,21,温度,36694,0x8f56,293,0.1
2,8,22,温度,36695,0x8f57,287,0.1
2,8,23,温度,36696,0x8f58,251,0.1
2,9,0,温度,36697,0x8f59,263,0.1
2,9,1,温度,36698,0x8f5a,202,0.1
2,9,2,温度,36699,0x8f5b,252,0.1
2,9,3,温度,36700,0x8f5c,221,0.1
2,9,4,温度,36701,0x8f5d,252,0.1
2,9,5,温度,36702,0x8f5e,280,0.1
2,9,6,温度,36703,0x8f5f,274,0.1
2,9,7,温度,36704,0x8f60,283,0.1
2,9,8,温度,36705,0x8f61,237,0.1
2,9,9,温度,36706,0x8f62,205,0.1
2,9,10,温度,36707,0x8f63,293,0.1
2,9,11,温度,36708,0x8f64,208,0.1
2,9,12,温度,36709,0x8f65,253,0.1
2,9,13,温度,36710,0x8f66,225,0.1
2,9,14,温度,36711,0x8f67,252,0.1
2,9,15,温度,36712,0x8f68,250,0.1
2,9,16,温度,36713,0x8f69,261,0.1
2,9,17,温度,36714,0x8f6a,242,0.1
2,9,18,温度,36715,0x8f6b,293,0.1
2,9,19,温度,36716,0x8f6c,298,0.1
2,9,20,温度,36717,0x8f6d,210,0.1
2,9,21,温度,36718,0x8f6e,226,0.1
2,9,22,温度,36719,0x8f6f,227,0.1
2,9,23,温度,36720,0x8f70,244,0.1
0,0,0,SOC,32721,0x7fd1,8627,0.01
0,0,1,SOC,32722,0x7fd2,9621,0.01
0,0,2,SOC,32723,0x7fd3,9240,0.01
0,0,3,SOC,32724,0x7fd4,9046,0.01
0,0,4,SOC,32725,0x7fd5,8187,0.01
0,0,5,SOC,32726,0x7fd6,9418,0.01
0,0,6,SOC,32727,0x7fd7,8917,0.01
0,0,7,SOC,32728,0x7fd8,8808,0.01
0,0,8,SOC,32729,0x7fd9,8048,0.01
0,0,9,SOC,32730,0x7fda,9896,0.01
0,0,10,SOC,32731,0x7fdb,9845,0.01
0,0,11,SOC,32732,0x7fdc,9812,0.01
0,0,12,SOC,32733,0x7fdd,8632,0.01
0,0,13,SOC,32734,0x7fde,8952,0.01
0,0,14,SOC,32735,0x7fdf,8313,0.01
0,0,15,SOC,32736,0x7fe0,8087,0.01
0,0,16,SOC,32737,0x7fe1,8879,0.01
0,0,17,SOC,32738,0x7fe2,8694,0.01
0,0,18,SOC,32739,0x7fe3,9669,0.01
0,0,19,SOC,32740,0x7fe4,8365,0.01
0,0,20,SOC,32741,0x7fe5,8065,0.01
0,0,21,SOC,32742,0x7fe6,9627,0.01
0,0,22,SOC,32743,0x7fe7,8499,0.01
0,0,23,SOC,32744,0x7fe8,8560,0.01
0,1,0,SOC,32745,0x7fe9,9714,0.01
0,1,1,SOC,32746,0x7fea,9869,0.01
0,1,2,SOC,32747,0x7feb,8740,0.01
0,1,3,SOC,32748,0x7fec,9867,0.01
0,1,4,SOC,32749,0x7fed,8052,0.01
0,1,5,SOC,32750,0x7fee,8580,0.01
0,1,6,SOC,32751,0x7fef,8947,0.01
0,1,7,SOC,32752,0x7ff0,9152,0.01
0,1,8,SOC,32753,0x7ff1,9828,0.01
0,1,9,SOC,32754,0x7ff2,9574,0.01
0,1,10,SOC,32755,0x7ff3,9071,0.01
0,1,11,SOC,32756,0x7ff4,8894,0.01
0,1,12,SOC,32757,0x7ff5,9785,0.01
0,1,13,SOC,32758,0x7ff6,9549,0.01
0,1,14,SOC,32759,0x7ff7,9675,0.01
0,1,15,SOC,32760,0x7ff8,8564,0.01
0,1,16,SOC,32761,0x7ff9,8900,0.01
0,1,17,SOC,32762,0x7ffa,8314,0.01
0,1,18,SOC,32763,0x7ffb,8878,0.01
0,1,19,SOC,32764,0x7ffc,9016,0.01
0,1,20,SOC,32765,0x7ffd,8418,0.01
0,1,21,SOC,32766,0x7ffe,8221,0.01
0,1,22,SOC,32767,0x7fff,9876,0.01
0,1,23,SOC,32768,0x8000,8507,0.01
0,2,0,SOC,32769,0x8001,8612,0.01
0,2,1,SOC,32770,0x8002,9211,0.01
0,2,2,SOC,32771,0x8003,9879,0.01
0,2,3,SOC,32772,0x8004,9709,0.01
0,2,4,SOC,32773,0x8005,8909,0.01
0,2,5,SOC,32774,0x8006,8575,0.01
0,2,6,SOC,32775,0x8007,9582,0.01
0,2,7,SOC,32776,0x8008,8940,0.01
0,2,8,SOC,32777,0x8009,9360,0.01
0,2,9,SOC,32778,0x800a,8047,0.01
0,2,10,SOC,32779,0x800b,9309,0.01
0,2,11,SOC,32780,0x800c,8429,0.01
0,2,12,SOC,32781,0x800d,9224,0.01
0,2,13,SOC,32782,0x800e,9431,0.01
0,2,14,SOC,32783,0x800f,8421,0.01
0,2,15,SOC,32784,0x8010,8373,0.01
0,2,16,SOC,32785,0x8011,9460,0.01
0,2,17,SOC,32786,0x8012,8158,0.01
0,2,18,SOC,32787,0x8013,8656,0.01
0,2,19,SOC,32788,0x8014,9023,0.01
0,2,20,SOC,32789,0x8015,9430,0.01
0,2,21,SOC,32790,0x8016,8323,0.01
0,2,22,SOC,32791,0x8017,9504,0.01
0,2,23,SOC,32792,0x8018,9780,0.01
0,3,0,SOC,32793,0x8019,8532,0.01
0,3,1,SOC,32794,0x801a,8874,0.01
0,3,2,SOC,32795,0x801b,9186,0.01
0,3,3,SOC,32796,0x801c,9640,0.01
0,3,4,SOC,32797,0x801d,8684,0.01
0,3,5,SOC,32798,0x801e,9367,0.01
0,3,6,SOC,32799,0x801f,9469,0.01
0,3,7,SOC,32800,0x8020,8855,0.01
0,3,8,SOC,32801,0x8021,9899,0.01
0,3,9,SOC,32802,0x8022,9282,0.01
0,3,10,SOC,32803,0x8023,8754,0.01
0,3,11,SOC,32804,0x8024,9068,0.01
0,3,12,SOC,32805,0x8025,8858,0.01
0,3,13,SOC,32806,0x8026,8172,0.01
0,3,14,SOC,32807,0x8027,9381,0.01
0,3,15,SOC,32808,0x8028,9163,0.01
0,3,16,SOC,32809,0x8029,8224,0.01
0,3,17,SOC,32810,0x802a,9863,0.01
0,3,18,SOC,32811,0x802b,8346,0.01
0,3,19,SOC,32812,0x802c,8264,0.01
0,3,20,SOC,32813,0x802d,8383,0.01
0,3,21,SOC,32814,0x802e,9556,0.01
0,3,22,SOC,32815,0x802f,9194,0.01
0,3,23,SOC,32816,0x8030,8819,0.01
0,4,0,SOC,32817,0x8031,8237,0.01
0,4,1,SOC,32818,0x8032,9801,0.01
0,4,2,SOC,32819,0x8033,9585,0.01
0,4,3,SOC,32820,0x8034,9388,0.01
0,4,4,SOC,32821,0x8035,9299,0.01
0,4,5,SOC,32822,0x8036,9731,0.01
0,4,6,SOC,32823,0x8037,8496,0.01
0,4,7,SOC,32824,0x8038,8536,0.01
0,4,8,SOC,32825,0x8039,8619,0.01
0,4,9,SOC,32826,0x803a,8520,0.01
0,4,10,SOC,32827,0x803b,9259,0.01
0,4,11,SOC,32828,0x803c,8653,0.01
0,4,12,SOC,32829,0x803d,9666,0.01
0,4,13,SOC,32830,0x803e,9086,0.01
0,4,14,SOC,32831,0x803f,8532,0.01
0,4,15,SOC,32832,0x8040,9091,0.01
0,4,16,SOC,32833,0x8041,8013,0.01
0,4,17,SOC,32834,0x8042,8067,0.01
0,4,18,SOC,32835,0x8043,9217,0.01
0,4,19,SOC,32836,0x8044,9199,0.01
0,4,20,SOC,32837,0x8045,8321,0.01
0,4,21,SOC,32838,0x8046,8026,0.01
0,4,22,SOC,32839,0x8047,9638,0.01
0,4,23,SOC,32840,0x8048,9423,0.01
0,5,0,SOC,32841,0x8049,8146,0.01
0,5,1,SOC,32842,0x804a,8261,0.01
0,5,2,SOC,32843,0x804b,8756,0.01
0,5,3,SOC,32844,0x804c,9013,0.01
0,5,4,SOC,32845,0x804d,9422,0.01
0,5,5,SOC,32846,0x804e,8545,0.01
0,5,6,SOC,32847,0x804f,8837,0.01
0,5,7,SOC,32848,0x8050,8115,0.01
0,5,8,SOC,32849,0x8051,8277,0.01
0,5,9,SOC,32850,0x8052,9735,0.01
0,5,10,SOC,32851,0x8053,8040,0.01
0,5,11,SOC,32852,0x8054,8583,0.01
0,5,12,SOC,32853,0x8055,9001,0.01
0,5,13,SOC,32854,0x8056,9369,0.01
0,5,14,SOC,32855,0x8057,8356,0.01
0,5,15,SOC,32856,0x8058,8801,0.01
0,5,16,SOC,32857,0x8059,9243,0.01
0,5,17,SOC,32858,0x805a,8127,0.01
0,5,18,SOC,32859,0x805b,9757,0.01
0,5,19,SOC,32860,0x805c,8758,0.01
0,5,20,SOC,32861,0x805d,9613,0.01
0,5,21,SOC,32862,0x805e,9627,0.01
0,5,22,SOC,32863,0x805f,8163,0.01
0,5,23,SOC,32864,0x8060,9189,0.01
0,6,0,SOC,32865,0x8061,9385,0.01
0,6,1,SOC,32866,0x8062,9056,0.01
0,6,2,SOC,32867,0x8063,9108,0.01
0,6,3,SOC,32868,0x8064,9748,0.01
0,6,4,SOC,32869,0x8065,8440,0.01
0,6,5,SOC,32870,0x8066,8360,0.01
0,6,6,SOC,32871,0x8067,9735,0.01
0,6,7,SOC,32872,0x8068,8448,0.01
0,6,8,SOC,32873,0x8069,9037,0.01
0,6,9,SOC,32874,0x806a,8583,0.01
0,6,10,SOC,32875,0x806b,9850,0.01
0,6,11,SOC,32876,0x806c,9706,0.01
0,6,12,SOC,32877,0x806d,9336,0.01
0,6,13,SOC,32878,0x806e,8718,0.01
0,6,14,SOC,32879,0x806f,9079,0.01
0,6,15,SOC,32880,0x8070,9315,0.01
0,6,16,SOC,32881,0x8071,9364,0.01
0,6,17,SOC,32882,0x8072,9638,0.01
0,6,18,SOC,32883,0x8073,8703,0.01
0,6,19,SOC,32884,0x8074,9637,0.01
0,6,20,SOC,32885,0x8075,8409,0.01
0,6,21,SOC,32886,0x8076,8079,0.01
0,6,22,SOC,32887,0x8077,8301,0.01
0,6,23,SOC,32888,0x8078,9530,0.01
0,7,0,SOC,32889,0x8079,8644,0.01
0,7,1,SOC,32890,0x807a,8353,0.01
0,7,2,SOC,32891,0x807b,9631,0.01
0,7,3,SOC,32892,0x807c,8698,0.01
0,7,4,SOC,32893,0x807d,8671,0.01
0,7,5,SOC,32894,0x807e,8511,0.01
0,7,6,SOC,32895,0x807f,9137,0.01
0,7,7,SOC,32896,0x8080,8563,0.01
0,7,8,SOC,32897,0x8081,8938,0.01
0,7,9,SOC,32898,0x8082,9253,0.01
0,7,10,SOC,32899,0x8083,9574,0.01
0,7,11,SOC,32900,0x8084,9760,0.01
0,7,12,SOC,32901,0x8085,9263,0.01
0,7,13,SOC,32902,0x8086,8361,0.01
0,7,14,SOC,32903,0x8087,8319,0.01
0,7,15,SOC,32904,0x8088,8672,0.01
0,7,16,SOC,32905,0x8089,9604,0.01
0,7,17,SOC,32906,0x808a,9873,0.01
0,7,18,SOC,32907,0x808b,8575,0.01
0,7,19,SOC,32908,0x808c,8459,0.01
0,7,20,SOC,32909,0x808d,9587,0.01
0,7,21,SOC,32910,0x808e,9259,0.01
0,7,22,SOC,32911,0x808f,8700,0.01
0,7,23,SOC,32912,0x8090,8354,0.01
0,8,0,SOC,32913,0x8091,9103,0.01
0,8,1,SOC,32914,0x8092,8153,0.01
0,8,2,SOC,32915,0x8093,9101,0.01
0,8,3,SOC,32916,0x8094,9369,0.01
0,8,4,SOC,32917,0x8095,9790,0.01
0,8,5,SOC,32918,0x8096,8637,0.01
0,8,6,SOC,32919,0x8097,8509,0.01
0,8,7,SOC,32920,0x8098,8180,0.01
0,8,8,SOC,32921,0x8099,9341,0.01
0,8,9,SOC,32922,0x809a,9332,0.01
0,8,10,SOC,32923,0x809b,8007,0.01
0,8,11,SOC,32924,0x809c,9745,0.01
0,8,12,SOC,32925,0x809d,8494,0.01
0,8,13,SOC,32926,0x809e,8178,0.01
0,8,14,SOC,32927,0x809f,8129,0.01
0,8,15,SOC,32928,0x80a0,8958,0.01
0,8,16,SOC,32929,0x80a1,8906,0.01
0,8,17,SOC,32930,0x80a2,8719,0.01
0,8,18,SOC,32931,0x80a3,8737,0.01
0,8,19,SOC,32932,0x80a4,8424,0.01
0,8,20,SOC,32933,0x80a5,9588,0.01
0,8,21,SOC,32934,0x80a6,8168,0.01
0,8,22,SOC,32935,0x80a7,8829,0.01
0,8,23,SOC,32936,0x80a8,9144,0.01
0,9,0,SOC,32937,0x80a9,9638,0.01
0,9,1,SOC,32938,0x80aa,8543,0.01
0,9,2,SOC,32939,0x80ab,8949,0.01
0,9,3,SOC,32940,0x80ac,9698,0.01
0,9,4,SOC,32941,0x80ad,9417,0.01
0,9,5,SOC,32942,0x80ae,8465,0.01
0,9,6,SOC,32943,0x80af,8718,0.01
0,9,7,SOC,32944,0x80b0,8519,0.01
0,9,8,SOC,32945,0x80b1,9470,0.01
0,9,9,SOC,32946,0x80b2,8749,0.01
0,9,10,SOC,32947,0x80b3,9095,0.01
0,9,11,SOC,32948,0x80b4,8418,0.01
0,9,12,SOC,32949,0x80b5,8671,0.01
0,9,13,SOC,32950,0x80b6,8571,0.01
0,9,14,SOC,32951,0x80b7,8849,0.01
0,9,15,SOC,32952,0x80b8,8195,0.01
0,9,16,SOC,32953,0x80b9,9265,0.01
0,9,17,SOC,32954,0x80ba,8481,0.01
0,9,18,SOC,32955,0x80bb,9443,0.01
0,9,19,SOC,32956,0x80bc,8148,0.01
0,9,20,SOC,32957,0x80bd,9093,0.01
0,9,21,SOC,32958,0x80be,8495,0.01
0,9,22,SOC,32959,0x80bf,9287,0.01
0,9,23,SOC,32960,0x80c0,8127,0.01
1,0,0,SOC,34721,0x87a1,8435,0.01
1,0,1,SOC,34722,0x87a2,8387,0.01
1,0,2,SOC,34723,0x87a3,9161,0.01
1,0,3,SOC,34724,0x87a4,8430,0.01
1,0,4,SOC,34725,0x87a5,8731,0.01
1,0,5,SOC,34726,0x87a6,9073,0.01
1,0,6,SOC,34727,0x87a7,9545,0.01
1,0,7,SOC,34728,0x87a8,9171,0.01
1,0,8,SOC,34729,0x87a9,8323,0.01
1,0,9,SOC,34730,0x87aa,8712,0.01
1,0,10,SOC,34731,0x87ab,9138,0.01
1,0,11,SOC,34732,0x87ac,8082,0.01
1,0,12,SOC,34733,0x87ad,8229,0.01
1,0,13,SOC,34734,0x87ae,9560,0.01
1,0,14,SOC,34735,0x87af,8741,0.01
1,0,15,SOC,34736,0x87b0,9814,0.01
1,0,16,SOC,34737,0x87b1,9580,0.01
1,0,17,SOC,34738,0x87b2,8512,0.01
1,0,18,SOC,34739,0x87b3,8037,0.01
1,0,19,SOC,34740,0x87b4,8456,0.01
1,0,20,SOC,34741,0x87b5,8642,0.01
1,0,21,SOC,34742,0x87b6,9711,0.01
1,0,22,SOC,34743,0x87b7,8265,0.01
1,0,23,SOC,34744,0x87b8,8033,0.01
1,1,0,SOC,34745,0x87b9,8508,0.01
1,1,1,SOC,34746,0x87ba,9810,0.01
1,1,2,SOC,34747,0x87bb,8007,0.01
1,1,3,SOC,34748,0x87bc,8958,0.01
1,1,4,SOC,34749,0x87bd,8659,0.01
1,1,5,SOC,34750,0x87be,8496,0.01
1,1,6,SOC,34751,0x87bf,8593,0.01
1,1,7,SOC,34752,0x87c0,8570,0.01
1,1,8,SOC,34753,0x87c1,8239,0.01
1,1,9,SOC,34754,0x87c2,9895,0.01
1,1,10,SOC,34755,0x87c3,9549,0.01
1,1,11,SOC,34756,0x87c4,9696,0.01
1,1,12,SOC,34757,0x87c5,8191,0.01
1,1,13,SOC,34758,0x87c6,8023,0.01
1,1,14,SOC,34759,0x87c7,9818,0.01
1,1,15,SOC,34760,0x87c8,9315,0.01
1,1,16,SOC,34761,0x87c9,9419,0.01
1,1,17,SOC,34762,0x87ca,9320,0.01
1,1,18,SOC,34763,0x87cb,8466,0.01
1,1,19,SOC,34764,0x87cc,8633,0.01
1,1,20,SOC,34765,0x87cd,8715,0.01
1,1,21,SOC,34766,0x87ce,8159,0.01
1,1,22,SOC,34767,0x87cf,9151,0.01
1,1,23,SOC,34768,0x87d0,9090,0.01
1,2,0,SOC,34769,0x87d1,8580,0.01
1,2,1,SOC,34770,0x87d2,9545,0.01
1,2,2,SOC,34771,0x87d3,8373,0.01
1,2,3,SOC,34772,0x87d4,9696,0.01
1,2,4,SOC,34773,0x87d5,8602,0.01
1,2,5,SOC,34774,0x87d6,8247,0.01
1,2,6,SOC,34775,0x87d7,9102,0.01
1,2,7,SOC,34776,0x87d8,9338,0.01
1,2,8,SOC,34777,0x87d9,9049,0.01
1,2,9,SOC,34778,0x87da,8914,0.01
1,2,10,SOC,34779,0x87db,9536,0.01
1,2,11,SOC,34780,0x87dc,9516,0.01
1,2,12,SOC,34781,0x87dd,9601,0.01
1,2,13,SOC,34782,0x87de,9617,0.01
1,2,14,SOC,34783,0x87df,8755,0.01
1,2,15,SOC,34784,0x87e0,9593,0.01
1,2,16,SOC,34785,0x87e1,9487,0.01
1,2,17,SOC,34786,0x87e2,9039,0.01
1,2,18,SOC,34787,0x87e3,8455,0.01
1,2,19,SOC,34788,0x87e4,9058,0.01
1,2,20,SOC,34789,0x87e5,9123,0.01
1,2,21,SOC,34790,0x87e6,8945,0.01
1,2,22,SOC,34791,0x87e7,8973,0.01
1,2,23,SOC,34792,0x87e8,8065,0.01
1,3,0,SOC,34793,0x87e9,8266,0.01
1,3,1,SOC,34794,0x87ea,9802,0.01
1,3,2,SOC,34795,0x87eb,8368,0.01
1,3,3,SOC,34796,0x87ec,8007,0.01
1,3,4,SOC,34797,0x87ed,8562,0.01
1,3,5,SOC,34798,0x87ee,8462,0.01
1,3,6,SOC,34799,0x87ef,8062,0.01
1,3,7,SOC,34800,0x87f0,9460,0.01
1,3,8,SOC,34801,0x87f1,9588,0.01
1,3,9,SOC,34802,0x87f2,9346,0.01
1,3,10,SOC,34803,0x87f3,8479,0.01
1,3,11,SOC,34804,0x87f4,8721,0.01
1,3,12,SOC,34805,0x87f5,9062,0.01
1,3,13,SOC,34806,0x87f6,9366,0.01
1,3,14,SOC,34807,0x87f7,8212,0.01
1,3,15,SOC,34808,0x87f8,8864,0.01
1,3,16,SOC,34809,0x87f9,8552,0.01
1,3,17,SOC,34810,0x87fa,8727,0.01
1,3,18,SOC,34811,0x87fb,8375,0.01
1,3,19,SOC,34812,0x87fc,8927,0.01
1,3,20,SOC,34813,0x87fd,8005,0.01
1,3,21,SOC,34814,0x87fe,8136,0.01
1,3,22,SOC,34815,0x87ff,9133,0.01
1,3,23,SOC,34816,0x8800,8669,0.01
1,4,0,SOC,34817,0x8801,8904,0.01
1,4,1,SOC,34818,0x8802,9118,0.01
1,4,2,SOC,34819,0x8803,8078,0.01
1,4,3,SOC,34820,0x8804,8797,0.01
1,4,4,SOC,34821,0x8805,8600,0.01
1,4,5,SOC,34822,0x8806,9613,0.01
1,4,6,SOC,34823,0x8807,9351,0.01
1,4,7,SOC,34824,0x8808,8945,0.01
1,4,8,SOC,34825,0x8809,9370,0.01
1,4,9,SOC,34826,0x880a,9710,0.01
1,4,10,SOC,34827,0x880b,9255,0.01
1,4,11,SOC,34828,0x880c,8675,0.01
1,4,12,SOC,34829,0x880d,9764,0.01
1,4,13,SOC,34830,0x880e,9891,0.01
1,4,14,SOC,34831,0x880f,8199,0.01
1,4,15,SOC,34832,0x8810,9174,0.01
1,4,16,SOC,34833,0x8811,9696,0.01
1,4,17,SOC,34834,0x8812,8508,0.01
1,4,18,SOC,34835,0x8813,9897,0.01
1,4,19,SOC,34836,0x8814,9280,0.01
1,4,20,SOC,34837,0x8815,8734,0.01
1,4,21,SOC,34838,0x8816,8060,0.01
1,4,22,SOC,34839,0x8817,8962,0.01
1,4,23,SOC,34840,0x8818,8377,0.01
1,5,0,SOC,34841,0x8819,8904,0.01
1,5,1,SOC,34842,0x881a,9864,0.01
1,5,2,SOC,34843,0x881b,8207,0.01
1,5,3,SOC,34844,0x881c,8268,0.01
1,5,4,SOC,34845,0x881d,9265,0.01
1,5,5,SOC,34846,0x881e,8570,0.01
1,5,6,SOC,34847,0x881f,9337,0.01
1,5,7,SOC,34848,0x8820,9109,0.01
1,5,8,SOC,34849,0x8821,8905,0.01
1,5,9,SOC,34850,0x8822,8725,0.01
1,5,10,SOC,34851,0x8823,8782,0.01
1,5,11,SOC,34852,0x8824,9776,0.01
1,5,12,SOC,34853,0x8825,8102,0.01
1,5,13,SOC,34854,0x8826,9866,0.01
1,5,14,SOC,34855,0x8827,8290,0.01
1,5,15,SOC,34856,0x8828,9128,0.01
1,5,16,SOC,34857,0x8829,8572,0.01
1,5,17,SOC,34858,0x882a,9248,0.01
1,5,18,SOC,34859,0x882b,8301,0.01
1,5,19,SOC,34860,0x882c,8967,0.01
1,5,20,SOC,34861,0x882d,9587,0.01
1,5,21,SOC,34862,0x882e,8411,0.01
1,5,22,SOC,34863,0x882f,8320,0.01
1,5,23,SOC,34864,0x8830,8477,0.01
1,6,0,SOC,34865,0x8831,9468,0.01
1,6,1,SOC,34866,0x8832,9291,0.01
1,6,2,SOC,34867,0x8833,8436,0.01
1,6,3,SOC,34868,0x8834,8848,0.01
1,6,4,SOC,34869,0x8835,8204,0.01
1,6,5,SOC,34870,0x8836,9584,0.01
1,6,6,SOC,34871,0x8837,8058,0.01
1,6,7,SOC,34872,0x8838,9338,0.01
1,6,8,SOC,34873,0x8839,9385,0.01
1,6,9,SOC,34874,0x883a,8906,0.01
1,6,10,SOC,34875,0x883b,8318,0.01
1,6,11,SOC,34876,0x883c,9493,0.01
1,6,12,SOC,34877,0x883d,8464,0.01
1,6,13,SOC,34878,0x883e,9565,0.01
1,6,14,SOC,34879,0x883f,8587,0.01
1,6,15,SOC,34880,0x8840,9336,0.01
1,6,16,SOC,34881,0x8841,8248,0.01
1,6,17,SOC,34882,0x8842,8954,0.01
1,6,18,SOC,34883,0x8843,8048,0.01
1,6,19,SOC,34884,0x8844,9035,0.01
1,6,20,SOC,34885,0x8845,8339,0.01
1,6,21,SOC,34886,0x8846,9132,0.01
1,6,22,SOC,34887,0x8847,9395,0.01
1,6,23,SOC,34888,0x8848,9004,0.01
1,7,0,SOC,34889,0x8849,9869,0.01
1,7,1,SOC,34890,0x884a,9371,0.01
1,7,2,SOC,34891,0x884b,8725,0.01
1,7,3,SOC,34892,0x884c,8867,0.01
1,7,4,SOC,34893,0x884d,9838,0.01
1,7,5,SOC,34894,0x884e,8863,0.01
1,7,6,SOC,34895,0x884f,8073,0.01
1,7,7,SOC,34896,0x8850,9289,0.01
1,7,8,SOC,34897,0x8851,9749,0.01
1,7,9,SOC,34898,0x8852,8551,0.01
1,7,10,SOC,34899,0x8853,9203,0.01
1,7,11,SOC,34900,0x8854,9702,0.01
1,7,12,SOC,34901,0x8855,9223,0.01
1,7,13,SOC,34902,0x8856,8509,0.01
1,7,14,SOC,34903,0x8857,9280,0.01
1,7,15,SOC,34904,0x8858,8478,0.01
1,7,16,SOC,34905,0x8859,8070,0.01
1,7,17,SOC,34906,0x885a,8652,0.01
1,7,18,SOC,34907,0x885b,9797,0.01
1,7,19,SOC,34908,0x885c,9015,0.01
1,7,20,SOC,34909,0x885d,9102,0.01
1,7,21,SOC,34910,0x885e,8559,0.01
1,7,22,SOC,34911,0x885f,9555,0.01
1,7,23,SOC,34912,0x8860,8229,0.01
1,8,0,SOC,34913,0x8861,9296,0.01
1,8,1,SOC,34914,0x8862,9490,0.01
1,8,2,SOC,34915,0x8863,8862,0.01
1,8,3,SOC,34916,0x8864,8498,0.01
1,8,4,SOC,34917,0x8865,9363,0.01
1,8,5,SOC,34918,0x8866,8292,0.01
1,8,6,SOC,34919,0x8867,9302,0.01
1,8,7,SOC,34920,0x8868,8163,0.01
1,8,8,SOC,34921,0x8869,8523,0.01
1,8,9,SOC,34922,0x886a,8324,0.01
1,8,10,SOC,34923,0x886b,9271,0.01
1,8,11,SOC,34924,0x886c,9389,0.01
1,8,12,SOC,34925,0x886d,8279,0.01
1,8,13,SOC,34926,0x886e,8184,0.01
1,8,14,SOC,34927,0x886f,8653,0.01
1,8,15,SOC,34928,0x8870,9591,0.01
1,8,16,SOC,34929,0x8871,8447,0.01
1,8,17,SOC,34930,0x8872,8908,0.01
1,8,18,SOC,34931,0x8873,9148,0.01
1,8,19,SOC,34932,0x8874,9653,0.01
1,8,20,SOC,34933,0x8875,9557,0.01
1,8,21,SOC,34934,0x8876,9735,0.01
1,8,22,SOC,34935,0x8877,9884,0.01
1,8,23,SOC,34936,0x8878,9630,0.01
1,9,0,SOC,34937,0x8879,8918,0.01
1,9,1,SOC,34938,0x887a,9379,0.01
1,9,2,SOC,34939,0x887b,9848,0.01
1,9,3,SOC,34940,0x887c,9695,0.01
1,9,4,SOC,34941,0x887d,8429,0.01
1,9,5,SOC,34942,0x887e,9533,0.01
1,9,6,SOC,34943,0x887f,8427,0.01
1,9,7,SOC,34944,0x8880,8696,0.01
1,9,8,SOC,34945,0x8881,8038,0.01
1,9,9,SOC,34946,0x8882,8368,0.01
1,9,10,SOC,34947,0x8883,8970,0.01
1,9,11,SOC,34948,0x8884,9244,0.01
1,9,12,SOC,34949,0x8885,9516,0.01
1,9,13,SOC,34950,0x8886,8416,0.01
1,9,14,SOC,34951,0x8887,9326,0.01
1,9,15,SOC,34952,0x8888,8800,0.01
1,9,16,SOC,34953,0x8889,8415,0.01
1,9,17,SOC,34954,0x888a,8196,0.01
1,9,18,SOC,34955,0x888b,8938,0.01
1,9,19,SOC,34956,0x888c,9314,0.01
1,9,20,SOC,34957,0x888d,9493,0.01
1,9,21,SOC,34958,0x888e,9201,0.01
1,9,22,SOC,34959,0x888f,8111,0.01
1,9,23,SOC,34960,0x8890,8823,0.01
2,0,0,SOC,36721,0x8f71,9746,0.01
2,0,1,SOC,36722,0x8f72,9756,0.01
2,0,2,SOC,36723,0x8f73,8169,0.01
2,0,3,SOC,36724,0x8f74,8911,0.01
2,0,4,SOC,36725,0x8f75,9045,0.01
2,0,5,SOC,36726,0x8f76,8896,0.01
2,0,6,SOC,36727,0x8f77,9047,0.01
2,0,7,SOC,36728,0x8f78,8271,0.01
2,0,8,SOC,36729,0x8f79,9716,0.01
2,0,9,SOC,36730,0x8f7a,8979,0.01
2,0,10,SOC,36731,0x8f7b,9535,0.01
2,0,11,SOC,36732,0x8f7c,8149,0.01
2,0,12,SOC,36733,0x8f7d,9586,0.01
2,0,13,SOC,36734,0x8f7e,9119,0.01
2,0,14,SOC,36735,0x8f7f,8973,0.01
2,0,15,SOC,36736,0x8f80,8708,0.01
2,0,16,SOC,36737,0x8f81,9506,0.01
2,0,17,SOC,36738,0x8f82,9628,0.01
2,0,18,SOC,36739,0x8f83,9463,0.01
2,0,19,SOC,36740,0x8f84,8320,0.01
2,0,20,SOC,36741,0x8f85,8830,0.01
2,0,21,SOC,36742,0x8f86,8907,0.01
2,0,22,SOC,36743,0x8f87,9086,0.01
2,0,23,SOC,36744,0x8f88,8815,0.01
2,1,0,SOC,36745,0x8f89,8708,0.01
2,1,1,SOC,36746,0x8f8a,8978,0.01
2,1,2,SOC,36747,0x8f8b,8036,0.01
2,1,3,SOC,36748,0x8f8c,8150,0.01
2,1,4,SOC,36749,0x8f8d,9412,0.01
2,1,5,SOC,36750,0x8f8e,9645,0.01
2,1,6,SOC,36751,0x8f8f,9484,0.01
2,1,7,SOC,36752,0x8f90,9704,0.01
2,1,8,SOC,36753,0x8f91,8869,0.01
2,1,9,SOC,36754,0x8f92,9557,0.01
2,1,10,SOC,36755,0x8f93,9826,0.01
2,1,11,SOC,36756,0x8f94,9247,0.01
2,1,12,SOC,36757,0x8f95,9252,0.01
2,1,13,SOC,36758,0x8f96,8591,0.01
2,1,14,SOC,36759,0x8f97,8777,0.01
2,1,15,SOC,36760,0x8f98,8168,0.01
2,1,16,SOC,36761,0x8f99,9798,0.01
2,1,17,SOC,36762,0x8f9a,9086,0.01
2,1,18,SOC,36763,0x8f9b,9621,0.01
2,1,19,SOC,36764,0x8f9c,8727,0.01
2,1,20,SOC,36765,0x8f9d,9420,0.01
2,1,21,SOC,36766,0x8f9e,8469,0.01
2,1,22,SOC,36767,0x8f9f,8190,0.01
2,1,23,SOC,36768,0x8fa0,9303,0.01
2,2,0,SOC,36769,0x8fa1,9084,0.01
2,2,1,SOC,36770,0x8fa2,8617,0.01
2,2,2,SOC,36771,0x8fa3,8919,0.01
2,2,3,SOC,36772,0x8fa4,8328,0.01
2,2,4,SOC,36773,0x8fa5,8506,0.01
2,2,5,SOC,36774,0x8fa6,8792,0.01
2,2,6,SOC,36775,0x8fa7,8299,0.01
2,2,7,SOC,36776,0x8fa8,9448,0.01
2,2,8,SOC,36777,0x8fa9,8964,0.01
2,2,9,SOC,36778,0x8faa,9003,0.01
2,2,10,SOC,36779,0x8fab,8096,0.01
2,2,11,SOC,36780,0x8fac,9840,0.01
2,2,12,SOC,36781,0x8fad,9768,0.01
2,2,13,SOC,36782,0x8fae,8352,0.01
2,2,14,SOC,36783,0x8faf,8771,0.01
2,2,15,SOC,36784,0x8fb0,9395,0.01
2,2,16,SOC,36785,0x8fb1,9584,0.01
2,2,17,SOC,36786,0x8fb2,8940,0.01
2,2,18,SOC,36787,0x8fb3,8292,0.01
2,2,19,SOC,36788,0x8fb4,9868,0.01
2,2,20,SOC,36789,0x8fb5,9507,0.01
2,2,21,SOC,36790,0x8fb6,8420,0.01
2,2,22,SOC,36791,0x8fb7,9845,0.01
2,2,23,SOC,36792,0x8fb8,8072,0.01
2,3,0,SOC,36793,0x8fb9,8252,0.01
2,3,1,SOC,36794,0x8fba,8803,0.01
2,3,2,SOC,36795,0x8fbb,9178,0.01
2,3,3,SOC,36796,0x8fbc,9054,0.01
2,3,4,SOC,36797,0x8fbd,9770,0.01
2,3,5,SOC,36798,0x8fbe,8124,0.01
2,3,6,SOC,36799,0x8fbf,9222,0.01
2,3,7,SOC,36800,0x8fc0,9819,0.01
2,3,8,SOC,36801,0x8fc1,8278,0.01
2,3,9,SOC,36802,0x8fc2,8324,0.01
2,3,10,SOC,36803,0x8fc3,9133,0.01
2,3,11,SOC,36804,0x8fc4,8702,0.01
2,3,12,SOC,36805,0x8fc5,9715,0.01
2,3,13,SOC,36806,0x8fc6,8102,0.01
2,3,14,SOC,36807,0x8fc7,8774,0.01
2,3,15,SOC,36808,0x8fc8,8807,0.01
2,3,16,SOC,36809,0x8fc9,8202,0.01
2,3,17,SOC,36810,0x8fca,9259,0.01
2,3,18,SOC,36811,0x8fcb,8749,0.01
2,3,19,SOC,36812,0x8fcc,8065,0.01
2,3,20,SOC,36813,0x8fcd,8640,0.01
2,3,21,SOC,36814,0x8fce,9757,0.01
2,3,22,SOC,36815,0x8fcf,8011,0.01
2,3,23,SOC,36816,0x8fd0,8582,0.01
2,4,0,SOC,36817,0x8fd1,9778,0.01
2,4,1,SOC,36818,0x8fd2,8953,0.01
2,4,2,SOC,36819,0x8fd3,9558,0.01
2,4,3,SOC,36820,0x8fd4,8212,0.01
2,4,4,SOC,36821,0x8fd5,8054,0.01
2,4,5,SOC,36822,0x8fd6,9594,0.01
2,4,6,SOC,36823,0x8fd7,9354,0.01
2,4,7,SOC,36824,0x8fd8,9424,0.01
2,4,8,SOC,36825,0x8fd9,9882,0.01
2,4,9,SOC,36826,0x8fda,8922,0.01
2,4,10,SOC,36827,0x8fdb,9553,0.01
2,4,11,SOC,36828,0x8fdc,8720,0.01
2,4,12,SOC,36829,0x8fdd,8399,0.01
2,4,13,SOC,36830,0x8fde,9762,0.01
2,4,14,SOC,36831,0x8fdf,8538,0.01
2,4,15,SOC,36832,0x8fe0,8114,0.01
2,4,16,SOC,36833,0x8fe1,8700,0.01
2,4,17,SOC,36834,0x8fe2,8215,0.01
2,4,18,SOC,36835,0x8fe3,9543,0.01
2,4,19,SOC,36836,0x8fe4,8874,0.01
2,4,20,SOC,36837,0x8fe5,9721,0.01
2,4,21,SOC,36838,0x8fe6,8199,0.01
2,4,22,SOC,36839,0x8fe7,9109,0.01
2,4,23,SOC,36840,0x8fe8,8087,0.01
2,5,0,SOC,36841,0x8fe9,9178,0.01
2,5,1,SOC,36842,0x8fea,8187,0.01
2,5,2,SOC,36843,0x8feb,8511,0.01
2,5,3,SOC,36844,0x8fec,8418,0.01
2,5,4,SOC,36845,0x8fed,8247,0.01
2,5,5,SOC,36846,0x8fee,8493,0.01
2,5,6,SOC,36847,0x8fef,8268,0.01
2,5,7,SOC,36848,0x8ff0,9876,0.01
2,5,8,SOC,36849,0x8ff1,8347,0.01
2,5,9,SOC,36850,0x8ff2,9640,0.01
2,5,10,SOC,36851,0x8ff3,8793,0.01
2,5,11,SOC,36852,0x8ff4,9527,0.01
2,5,12,SOC,36853,0x8ff5,9507,0.01
2,5,13,SOC,36854,0x8ff6,9634,0.01
2,5,14,SOC,36855,0x8ff7,9321,0.01
2,5,15,SOC,36856,0x8ff8,8384,0.01
2,5,16,SOC,36857,0x8ff9,9579,0.01
2,5,17,SOC,36858,0x8ffa,9059,0.01
2,5,18,SOC,36859,0x8ffb,9022,0.01
2,5,19,SOC,36860,0x8ffc,8671,0.01
2,5,20,SOC,36861,0x8ffd,9046,0.01
2,5,21,SOC,36862,0x8ffe,8092,0.01
2,5,22,SOC,36863,0x8fff,9259,0.01
2,5,23,SOC,36864,0x9000,9117,0.01
2,6,0,SOC,36865,0x9001,9364,0.01
2,6,1,SOC,36866,0x9002,8997,0.01
2,6,2,SOC,36867,0x9003,9719,0.01
2,6,3,SOC,36868,0x9004,8160,0.01
2,6,4,SOC,36869,0x9005,8559,0.01
2,6,5,SOC,36870,0x9006,8068,0.01
2,6,6,SOC,36871,0x9007,9133,0.01
2,6,7,SOC,36872,0x9008,9653,0.01
2,6,8,SOC,36873,0x9009,8850,0.01
2,6,9,SOC,36874,0x900a,8302,0.01
2,6,10,SOC,36875,0x900b,8250,0.01
2,6,11,SOC,36876,0x900c,9538,0.01
2,6,12,SOC,36877,0x900d,8899,0.01
2,6,13,SOC,36878,0x900e,8863,0.01
2,6,14,SOC,36879,0x900f,8954,0.01
2,6,15,SOC,36880,0x9010,8853,0.01
2,6,16,SOC,36881,0x9011,8086,0.01
2,6,17,SOC,36882,0x9012,9147,0.01
2,6,18,SOC,36883,0x9013,8964,0.01
2,6,19,SOC,36884,0x9014,8152,0.01
2,6,20,SOC,36885,0x9015,8876,0.01
2,6,21,SOC,36886,0x9016,9772,0.01
2,6,22,SOC,36887,0x9017,8067,0.01
2,6,23,SOC,36888,0x9018,9866,0.01
2,7,0,SOC,36889,0x9019,9063,0.01
2,7,1,SOC,36890,0x901a,9506,0.01
2,7,2,SOC,36891,0x901b,8249,0.01
2,7,3,SOC,36892,0x901c,8666,0.01
2,7,4,SOC,36893,0x901d,9768,0.01
2,7,5,SOC,36894,0x901e,8245,0.01
2,7,6,SOC,36895,0x901f,9176,0.01
2,7,7,SOC,36896,0x9020,9684,0.01
2,7,8,SOC,36897,0x9021,9564,0.01
2,7,9,SOC,36898,0x9022,8452,0.01
2,7,10,SOC,36899,0x9023,8937,0.01
2,7,11,SOC,36900,0x9024,9502,0.01
2,7,12,SOC,36901,0x9025,8150,0.01
2,7,13,SOC,36902,0x9026,8170,0.01
2,7,14,SOC,36903,0x9027,8629,0.01
2,7,15,SOC,36904,0x9028,8078,0.01
2,7,16,SOC,36905,0x9029,9673,0.01
2,7,17,SOC,36906,0x902a,9285,0.01
2,7,18,SOC,36907,0x902b,9524,0.01
2,7,19,SOC,36908,0x902c,8378,0.01
2,7,20,SOC,36909,0x902d,8587,0.01
2,7,21,SOC,36910,0x902e,8221,0.01
2,7,22,SOC,36911,0x902f,8776,0.01
2,7,23,SOC,36912,0x9030,8456,0.01
2,8,0,SOC,36913,0x9031,9289,0.01
2,8,1,SOC,36914,0x9032,9214,0.01
2,8,2,SOC,36915,0x9033,8155,0.01
2,8,3,SOC,36916,0x9034,9778,0.01
2,8,4,SOC,36917,0x9035,9597,0.01
2,8,5,SOC,36918,0x9036,8493,0.01
2,8,6,SOC,36919,0x9037,9296,0.01
2,8,7,SOC,36920,0x9038,8941,0.01
2,8,8,SOC,36921,0x9039,8550,0.01
2,8,9,SOC,36922,0x903a,8169,0.01
2,8,10,SOC,36923,0x903b,8053,0.01
2,8,11,SOC,36924,0x903c,8056,0.01
2,8,12,SOC,36925,0x903d,9009,0.01
2,8,13,SOC,36926,0x903e,8504,0.01
2,8,14,SOC,36927,0x903f,9256,0.01
2,8,15,SOC,36928,0x9040,8893,0.01
2,8,16,SOC,36929,0x9041,8647,0.01
2,8,17,SOC,36930,0x9042,8809,0.01
2,8,18,SOC,36931,0x9043,9241,0.01
2,8,19,SOC,36932,0x9044,8416,0.01
2,8,20,SOC,36933,0x9045,9796,0.01
2,8,21,SOC,36934,0x9046,9292,0.01
2,8,22,SOC,36935,0x9047,9875,0.01
2,8,23,SOC,36936,0x9048,8932,0.01
2,9,0,SOC,36937,0x9049,8435,0.01
2,9,1,SOC,36938,0x904a,9449,0.01
2,9,2,SOC,36939,0x904b,9854,0.01
2,9,3,SOC,36940,0x904c,8097,0.01
2,9,4,SOC,36941,0x904d,8925,0.01
2,9,5,SOC,36942,0x904e,9215,0.01
2,9,6,SOC,36943,0x904f,8607,0.01
2,9,7,SOC,36944,0x9050,9157,0.01
2,9,8,SOC,36945,0x9051,9554,0.01
2,9,9,SOC,36946,0x9052,9690,0.01
2,9,10,SOC,36947,0x9053,8362,0.01
2,9,11,SOC,36948,0x9054,8833,0.01
2,9,12,SOC,36949,0x9055,8856,0.01
2,9,13,SOC,36950,0x9056,8267,0.01
2,9,14,SOC,36951,0x9057,9091,0.01
2,9,15,SOC,36952,0x9058,8072,0.01
2,9,16,SOC,36953,0x9059,8721,0.01
2,9,17,SOC,36954,0x905a,8604,0.01
2,9,18,SOC,36955,0x905b,9508,0.01
2,9,19,SOC,36956,0x905c,8431,0.01
2,9,20,SOC,36957,0x905d,8747,0.01
2,9,21,SOC,36958,0x905e,9226,0.01
2,9,22,SOC,36959,0x905f,9204,0.01
2,9,23,SOC,36960,0x9060,8822,0.01
地址,16进制地址,测点名,测点值,乘法系数
31001,0x7919,系统总电压,10350,0.1
31002,0x791a,系统总电流,4298,0.1
31003,0x791b,系统SOC,8930,0.01
31009,0x7921,系统簇间电压差异,300,0.1
31010,0x7922,系统簇间电流差异,100,0.1
31011,0x7923,系统平均温度,249,0.01
31012,0x7924,系统平均电压,10600,0.01
31013,0x7925,系统单体最高电压,600,0.01
31014,0x7926,系统单体最高电压簇号,0,1
31015,0x7927,系统单体最高电压模组号,7,1
31016,0x7928,系统单体最高电压电芯号,5,1
31017,0x7929,系统单体最低电压,300,0.01
31018,0x792a,系统单体最低电压簇号,0,1
31019,0x792b,系统单体最低电压模组号,1,1
31020,0x792c,系统单体最低电压电芯号,13,1
31021,0x792d,系统单体最高温度,300,0.1,
31022,0x792e,系统单体最高温度簇号,0,1
31023,0x792f,系统单体最高温度模组号,8,1
31024,0x7930,系统单体最高温度电芯号,9,1
31025,0x7931,系统单体最低温度,200,0.1
31026,0x7932,系统单体最低温度簇号,0,1
31027,0x7933,系统单体最低温度模组号,3,1
31028,0x7934,系统单体最低温度电芯号,17,1
